NAME	TEAM	ML	A/H	PROP	LINE	SZN AVG	W-L Splits	A-H Splits	% OVER	L15 % OVER	L5 % OVER	LAST 10 GAMES	LAST YR % OVER	OVER	UNDER
Aatu Raty	VAN	-105	A	g	0.5	0.0	0.0 - 0.0	0.0 - 0.0	0%	0,0,0	0%	'+400	0
Adam Boqvist	CBJ	'+320	A	pts	0.5	0.54	0.76 - 0.43	0.43 - 0.69	46%	0,1,2,0,1,0,0,0,0,0	35%	-110	-120
Adam Boqvist	CBJ	'+320	A	ast	0.5	0.41	0.55 - 0.36	0.3 - 0.56	41%	0,1,0,0,1,0,0,0,0,0	21%	'+135	-165
Adam Boqvist	CBJ	'+320	A	g	0.5	0.13	0.21 - 0.07	0.13 - 0.12	10%	0,0,2,0,0,0,0,0,0,0	19%	'+650	0
Adam Erne	DET	'+155	H	g	0.5	0.15	0.15 - 0.15	0.08 - 0.21	15%	0,0,0,0,1,0,0,0,0,1	8%	'+550	0
Adam Fox	NYR	-390	H	sog	1.5	2.04	1.94 - 2.04	2.11 - 1.97	60%	3,3,0,2,3,1,0,2,2,2	64%	-180	'+145
Adam Fox	NYR	-390	H	pts	0.5	0.88	1.16 - 0.46	0.81 - 0.95	63%	0,1,1,1,1,1,1,0,1,1	67%	-195	'+160
Adam Fox	NYR	-390	H	ast	0.5	0.73	0.96 - 0.4	0.69 - 0.76	56%	0,0,1,1,1,1,1,0,1,1	57%	-155	'+125
Adam Fox	NYR	-390	H	bs	1.5	1.53	1.58 - 1.42	1.61 - 1.46	49%	1,3,1,2,3,3,3,3,4,4	0%	-115	-115
Adam Fox	NYR	-390	H	g	0.5	0.15	0.2 - 0.06	0.11 - 0.19	15%	0,1,0,0,0,0,0,0,0,0	17%	'+310	0
Adam Lowry	WPG	-180	A	pts	0.5	0.42	0.54 - 0.24	0.37 - 0.47	36%	0,2,1,0,1,0,1,0,0,0	25%	'+140	-175
Adam Lowry	WPG	-180	A	ast	0.5	0.27	0.33 - 0.18	0.21 - 0.33	26%	0,1,0,0,0,0,1,0,0,0	9%	'+260	-335
Adam Lowry	WPG	-180	A	g	0.5	0.15	0.21 - 0.06	0.16 - 0.14	15%	0,1,1,0,1,0,0,0,0,0	17%	'+400	0
Adam Ruzicka	CGY	-135	H	g	0.5	0.14	0.2 - 0.03	0.11 - 0.18	11%	0,0,0,0,0,0,0,0,0,0	19%	'+425	0
Adrian Kempe	LA	'+115	A	sog	2.5	2.99	2.97 - 2.78	2.74 - 3.21	59%	2,5,2,1,3,4,2,4,2,4	61%	-115	-115
Adrian Kempe	LA	'+115	A	pts	0.5	0.78	1.0 - 0.4	0.66 - 0.89	52%	2,1,3,0,0,1,0,2,2,1	47%	-115	-115
Adrian Kempe	LA	'+115	A	ast	0.5	0.29	0.36 - 0.15	0.23 - 0.34	27%	0,1,1,0,0,1,0,0,1,0	21%	'+225	-285
Adrian Kempe	LA	'+115	A	g	0.5	0.49	0.65 - 0.25	0.43 - 0.55	36%	2,0,2,0,0,0,0,2,1,1	32%	'+170	0
Aj Greer	BOS	-300	H	g	0.5	0.05	0.09 - 0.0	0.05 - 0.06	5%	0,0,0,0,0,0,0,0,0,0	11%	'+380	0
Alec Martinez	VGK	'+100	H	g	0.5	0.03	0.04 - 0.0	0.03 - 0.03	3%	0,0,0,0,0,0,0,1,0,0	12%	'+900	0
Alex Belzile	MTL	'+145	A	g	0.5	0.21	0.25 - 0.18	0.14 - 0.29	21%	1,1,0,0,0,0,0,0,0,1	0%	'+450	0
Alex Chiasson	DET	'+155	H	g	0.5	0.45	0.62 - 0.33	0.5 - 0.4	45%	0,1,1,0,0,1,1,1,0,0	0%	'+310	0
Alex Iafallo	LA	'+115	A	sog	1.5	2.18	2.05 - 2.19	2.12 - 2.23	72%	2,2,3,3,2,2,2,2,3,2	78%	-160	'+130
Alex Iafallo	LA	'+115	A	pts	0.5	0.62	0.76 - 0.38	0.54 - 0.69	54%	1,1,1,0,0,1,1,0,1,0	39%	'+120	-150
Alex Iafallo	LA	'+115	A	ast	0.5	0.38	0.45 - 0.27	0.42 - 0.35	36%	0,0,1,0,0,0,1,0,1,0	24%	'+235	-300
Alex Iafallo	LA	'+115	A	g	0.5	0.24	0.31 - 0.11	0.12 - 0.35	24%	1,1,0,0,0,1,0,0,0,0	18%	'+340	0
Alex Killorn	TB	'+120	A	pts	0.5	0.74	1.03 - 0.36	0.59 - 0.89	53%	1,0,0,1,1,0,1,1,1,0	46%	-105	-125
Alex Killorn	TB	'+120	A	ast	0.5	0.45	0.64 - 0.18	0.35 - 0.54	34%	1,0,0,0,1,0,0,0,1,0	31%	'+180	-220
Alex Killorn	TB	'+120	A	g	0.5	0.3	0.39 - 0.19	0.24 - 0.35	27%	0,0,0,1,0,0,1,1,0,0	20%	'+360	0
Alex Pietrangelo	VGK	'+100	H	sog	2.5	2.27	1.81 - 2.74	2.23 - 2.29	42%	0,0,4,3,2,2,1,1,1,4	46%	'+155	-190
Alex Pietrangelo	VGK	'+100	H	pts	0.5	0.73	1.05 - 0.24	0.8 - 0.68	47%	0,1,1,4,1,0,2,2,1,0	47%	'+115	-145
Alex Pietrangelo	VGK	'+100	H	ast	0.5	0.59	0.84 - 0.2	0.63 - 0.56	41%	0,1,1,4,1,0,1,2,1,0	37%	'+170	-210
Alex Pietrangelo	VGK	'+100	H	g	0.5	0.14	0.2 - 0.04	0.17 - 0.12	14%	0,0,0,0,0,0,1,0,0,0	16%	'+425	0
Alexander Barabanov	SJ	'+155	H	sog	1.5	1.76	1.52 - 1.85	1.86 - 1.66	49%	0,1,1,1,3,2,3,2,1,1	38%	-160	'+130
Alexander Barabanov	SJ	'+155	H	pts	0.5	0.69	1.25 - 0.51	0.75 - 0.62	51%	0,0,2,0,0,2,1,2,0,0	41%	-130	'+100
Alexander Barabanov	SJ	'+155	H	ast	0.5	0.47	1.02 - 0.29	0.5 - 0.44	38%	0,0,1,0,0,1,1,2,0,0	34%	'+145	-180
Alexander Barabanov	SJ	'+155	H	g	0.5	0.22	0.23 - 0.22	0.25 - 0.19	22%	0,0,1,0,0,1,0,0,0,0	13%	'+245	0
Alexander Edler	LA	'+115	A	g	0.5	0.03	0.03 - 0.04	0.04 - 0.03	3%	0,0,1,0,0,0,0,0,0,0	6%	'+1600	0
Alexandre Carrier	NSH	'+250	A	g	0.5	0.05	0.04 - 0.06	0.05 - 0.05	5%	0,0,0,0,0,0,0,0,0,0	4%	'+1100	0
Alexei Toropchenko	STL	-115	H	g	0.5	0.1	0.1 - 0.08	0.07 - 0.13	10%	0,0,1,0,0,0,0,0,0,0	5%	'+265	0
Alexis Lafreniere	NYR	-390	H	g	0.5	0.21	0.26 - 0.14	0.23 - 0.19	19%	1,0,0,0,0,0,0,0,0,1	21%	'+220	0
Andreas Athanasiou	CHI	'+235	H	sog	2.5	1.92	2.18 - 1.64	1.86 - 1.97	31%	2,2,3,1,1,2,0,2,0,2	47%	'+120	-150
Andreas Athanasiou	CHI	'+235	H	pts	0.5	0.39	0.59 - 0.26	0.27 - 0.51	33%	1,0,0,0,0,1,0,0,0,1	38%	'+135	-165
Andreas Athanasiou	CHI	'+235	H	ast	0.5	0.19	0.32 - 0.11	0.11 - 0.29	17%	1,0,0,0,0,1,0,0,0,1	18%	'+275	-355
Andreas Athanasiou	CHI	'+235	H	g	0.5	0.19	0.26 - 0.15	0.16 - 0.23	18%	0,0,0,0,0,0,0,0,0,0	32%	'+300	0
Andreas Englund	CHI	'+235	H	g	0.5	0.0	0.0 - 0.0	0.0 - 0.0	0%	0,0,0,0,0,0,0,0,0,0	0%	'+1500	0
Andreas Johnsson	SJ	'+155	H	g	0.5	0.0	0.0 - 0.0	0.0 - 0.0	0%	0,0,0,0,0,0,0,0,0,0	0%	'+330	0
Andrei Kuzmenko	VAN	-105	A	pts	0.5	0.9	1.34 - 0.45	0.81 - 1.0	56%	2,1,2,0,0,0,1,1,2,1	0%	-130	'+100
Andrei Kuzmenko	VAN	-105	A	ast	0.5	0.42	0.66 - 0.2	0.44 - 0.39	35%	2,1,1,0,0,0,0,0,0,0	0%	'+200	-250
Andrei Kuzmenko	VAN	-105	A	g	0.5	0.49	0.68 - 0.25	0.36 - 0.61	39%	0,0,1,0,0,0,1,1,2,1	0%	'+150	0
Andrew Copp	DET	'+155	H	pts	0.5	0.54	0.79 - 0.36	0.56 - 0.53	43%	0,0,0,1,0,1,1,1,1,1	48%	'+100	-130
Andrew Copp	DET	'+155	H	ast	0.5	0.43	0.61 - 0.31	0.47 - 0.39	35%	0,0,0,1,0,1,0,0,1,1	31%	'+160	-195
Andrew Copp	DET	'+155	H	g	0.5	0.11	0.19 - 0.05	0.08 - 0.14	11%	0,0,0,0,0,0,1,1,0,0	24%	'+330	0
Andrew Mangiapane	CGY	-135	H	sog	2.5	2.23	2.11 - 2.11	2.24 - 2.22	41%	0,5,3,1,2,1,4,3,2,0	37%	'+125	-155
Andrew Mangiapane	CGY	-135	H	pts	0.5	0.46	0.6 - 0.32	0.42 - 0.5	35%	0,0,1,0,1,1,0,0,0,0	47%	'+115	-145
Andrew Mangiapane	CGY	-135	H	ast	0.5	0.28	0.33 - 0.23	0.29 - 0.28	26%	0,0,0,0,1,1,0,0,0,0	19%	'+225	-285
Andrew Mangiapane	CGY	-135	H	g	0.5	0.18	0.27 - 0.09	0.13 - 0.22	16%	0,0,1,0,0,0,0,0,0,0	36%	'+255	0
Andrew Peeke	CBJ	'+320	A	bs	2.5	2.47	2.91 - 2.25	2.66 - 2.29	36%	3,7,5,1,1,2,6,5,7,4	0%	-155	'+125
Andrew Peeke	CBJ	'+320	A	g	0.5	0.07	0.04 - 0.08	0.06 - 0.09	7%	0,0,0,0,0,0,0,0,0,0	3%	'+800	0
Anthony Beauvillier	VAN	-105	A	sog	1.5	2.21	2.06 - 2.15	2.17 - 2.25	75%	0,1,0,3,5,1,2,2,5,1	0%	-190	'+155
Anthony Beauvillier	VAN	-105	A	pts	0.5	0.71	0.75 - 0.61	0.83 - 0.58	50%	0,0,1,0,0,0,2,1,0,1	0%	-110	-120
Anthony Beauvillier	VAN	-105	A	ast	0.5	0.42	0.35 - 0.51	0.5 - 0.33	38%	0,0,1,0,0,0,2,0,0,1	0%	'+185	-230
Anthony Beauvillier	VAN	-105	A	g	0.5	0.29	0.4 - 0.1	0.33 - 0.25	21%	0,0,0,0,0,0,0,1,0,0	0%	'+205	0
Anthony Cirelli	TB	'+120	A	g	0.5	0.22	0.21 - 0.22	0.32 - 0.12	20%	0,0,0,0,0,0,1,1,0,0	19%	'+425	0
Anze Kopitar	LA	'+115	A	sog	1.5	2.01	2.0 - 2.0	2.0 - 2.03	49%	1,0,1,3,1,1,2,0,2,3	75%	-145	'+115
Anze Kopitar	LA	'+115	A	pts	0.5	0.9	1.11 - 0.59	1.03 - 0.79	55%	0,1,2,0,1,1,0,3,0,0	51%	-130	'+100
Anze Kopitar	LA	'+115	A	ast	0.5	0.55	0.69 - 0.33	0.51 - 0.58	36%	0,1,2,0,0,1,0,3,0,0	42%	'+140	-175
Anze Kopitar	LA	'+115	A	g	0.5	0.36	0.42 - 0.26	0.51 - 0.21	27%	0,0,0,0,1,0,0,0,0,0	18%	'+215	0
Artemi Panarin	NYR	-390	H	sog	2.5	2.44	2.19 - 2.52	2.19 - 2.68	45%	2,4,2,1,2,2,1,1,5,2	37%	-105	-125
Artemi Panarin	NYR	-390	H	pts	1.5	1.11	1.6 - 0.45	1.14 - 1.08	29%	0,2,0,3,2,1,1,0,1,3	32%	'+175	-215
Artemi Panarin	NYR	-390	H	ast	0.5	0.78	1.09 - 0.34	0.78 - 0.78	52%	0,1,0,2,0,1,1,0,0,3	58%	-150	'+120
Artemi Panarin	NYR	-390	H	g	0.5	0.33	0.51 - 0.11	0.36 - 0.3	26%	0,1,0,1,2,0,0,0,1,0	28%	'+135	0
Arthur Kaliyev	LA	'+115	A	g	0.5	0.23	0.13 - 0.34	0.21 - 0.26	19%	0,0,0,0,0,0,0,1,0,0	16%	'+340	0
Austin Czarnik	DET	'+155	H	g	0.5	0.1	0.19 - 0.07	0.08 - 0.12	10%	0,0,0,0,0,0,0,0,0,0	12%	'+550	0
Axel Jonsson-Fjallby	WPG	-180	A	g	0.5	0.1	0.13 - 0.06	0.14 - 0.05	10%	0,1,0,0,0,0,1,0,0,0	9%	'+425	0
Barclay Goodrow	NYR	-390	H	g	0.5	0.15	0.16 - 0.12	0.19 - 0.11	15%	0,0,0,0,0,0,0,1,0,0	14%	'+340	0
Ben Chiarot	DET	'+155	H	g	0.5	0.07	0.09 - 0.05	0.09 - 0.06	7%	0,0,0,0,0,0,1,0,0,0	10%	'+1100	0
Ben Harpur	NYR	-390	H	g	0.5	0.03	0.0 - 0.09	0.0 - 0.06	3%	0,0,0,0,0,0,0,0,0,0	0%	'+1200	0
Ben Hutton	VGK	'+100	H	g	0.5	0.09	0.0 - 0.17	0.17 - 0.0	9%	0,0,0,1,0,0,0,0,0,0	6%	'+750	0
Blake Coleman	CGY	-135	H	sog	2.5	2.27	2.05 - 2.34	2.45 - 2.08	42%	0,0,2,2,3,2,2,1,1,0	45%	'+150	-185
Blake Coleman	CGY	-135	H	pts	0.5	0.47	0.68 - 0.29	0.53 - 0.42	38%	0,0,1,1,1,2,0,0,0,0	29%	'+145	-180
Blake Coleman	CGY	-135	H	ast	0.5	0.24	0.35 - 0.14	0.32 - 0.17	22%	0,0,1,1,0,0,0,0,0,0	19%	'+275	-355
Blake Coleman	CGY	-135	H	g	0.5	0.23	0.32 - 0.15	0.21 - 0.25	22%	0,0,0,0,1,2,0,0,0,0	15%	'+330	0
Blake Lizotte	LA	'+115	A	g	0.5	0.14	0.13 - 0.16	0.11 - 0.16	14%	0,0,0,0,1,0,0,0,0,0	12%	'+400	0
Blake Wheeler	WPG	-180	A	pts	0.5	0.77	1.09 - 0.35	0.73 - 0.81	54%	0,0,0,0,0,0,1,1,2,0	61%	-120	-110
Blake Wheeler	WPG	-180	A	ast	0.5	0.54	0.68 - 0.35	0.52 - 0.56	45%	0,0,0,0,0,0,1,1,2,0	47%	'+150	-185
Blake Wheeler	WPG	-180	A	g	0.5	0.23	0.4 - 0.0	0.21 - 0.25	18%	0,0,0,0,0,0,0,0,0,0	26%	'+205	0
Boone Jenner	CBJ	'+320	A	sog	2.5	3.28	3.32 - 3.15	3.17 - 3.39	62%	1,2,3,1,6,4,6,6,2,2	50%	-150	'+120
Boone Jenner	CBJ	'+320	A	pts	0.5	0.7	1.2 - 0.42	0.53 - 0.87	52%	0,2,1,0,1,0,2,1,0,0	54%	-160	'+130
Boone Jenner	CBJ	'+320	A	ast	0.5	0.3	0.4 - 0.23	0.2 - 0.39	26%	0,1,0,0,0,0,0,0,0,0	27%	'+170	-210
Boone Jenner	CBJ	'+320	A	g	0.5	0.41	0.8 - 0.2	0.33 - 0.48	36%	0,1,1,0,1,0,2,1,0,0	37%	'+200	0
Boris Katchouk	CHI	'+235	H	g	0.5	0.08	0.12 - 0.08	0.07 - 0.1	8%	0,0,0,0,0,0,1,0,1,0	4%	'+500	0
Brad Marchand	BOS	-300	H	g	0.5	0.31	0.29 - 0.36	0.33 - 0.29	30%	0,0,0,0,0,0,0,0,0,1	35%	'+150	0
Braden Schneider	NYR	-390	H	g	0.5	0.06	0.07 - 0.04	0.08 - 0.03	6%	0,0,0,0,0,0,0,0,0,0	3%	'+600	0
Brady Skjei	CAR	-140	H	sog	2.5	2.3	2.29 - 2.06	2.44 - 2.16	44%	4,3,2,5,4,1,2,3,2,0	35%	'+125	-155
Brady Skjei	CAR	-140	H	g	0.5	0.23	0.23 - 0.2	0.24 - 0.22	23%	1,0,0,0,1,1,1,0,0,0	8%	'+600	0
Brandon Carlo	BOS	-300	H	g	0.5	0.05	0.05 - 0.0	0.06 - 0.03	5%	0,0,0,0,0,0,0,0,0,0	6%	'+1000	0
Brandon Hagel	TB	'+120	A	sog	1.5	2.15	2.3 - 1.67	1.97 - 2.32	65%	1,3,4,1,7,2,2,2,3,1	50%	-155	'+125
Brandon Hagel	TB	'+120	A	pts	0.5	0.8	1.16 - 0.23	0.62 - 0.97	51%	0,0,0,0,3,0,3,2,1,0	37%	-110	-120
Brandon Hagel	TB	'+120	A	ast	0.5	0.43	0.63 - 0.14	0.35 - 0.51	38%	0,0,0,0,0,0,2,2,0,0	16%	'+195	-240
Brandon Hagel	TB	'+120	A	g	0.5	0.36	0.54 - 0.09	0.27 - 0.46	30%	0,0,0,0,3,0,1,0,1,0	22%	'+240	0
Brandon Saad	STL	-115	H	pts	0.5	0.48	0.67 - 0.24	0.62 - 0.33	37%	1,0,0,0,0,2,0,0,2,1	49%	'+125	-155
Brandon Saad	STL	-115	H	ast	0.5	0.19	0.28 - 0.09	0.28 - 0.1	18%	0,0,0,0,0,2,0,0,1,1	28%	'+295	-390
Brayden Mcnabb	VGK	'+100	H	g	0.5	0.02	0.0 - 0.04	0.03 - 0.0	2%	0,0,0,0,0,0,0,0,0,0	5%	'+1100	0
Brayden Point	TB	'+120	A	sog	2.5	2.85	2.71 - 2.92	2.65 - 3.05	51%	1,2,4,2,0,0,1,0,6,5	43%	'+115	-145
Brayden Point	TB	'+120	A	pts	0.5	1.12	1.31 - 0.84	0.84 - 1.41	68%	0,1,1,0,1,0,1,0,2,3	59%	-180	'+145
Brayden Point	TB	'+120	A	ast	0.5	0.51	0.61 - 0.37	0.41 - 0.62	42%	0,0,0,0,1,0,1,0,0,1	36%	'+140	-175
Brayden Point	TB	'+120	A	g	0.5	0.61	0.71 - 0.47	0.43 - 0.78	49%	0,1,1,0,0,0,0,0,2,2	36%	'+130	0
Brayden Schenn	STL	-115	H	pts	0.5	0.78	1.18 - 0.46	0.86 - 0.69	58%	1,3,1,1,0,2,1,1,2,0	62%	-125	-105
Brayden Schenn	STL	-115	H	ast	0.5	0.49	0.68 - 0.34	0.51 - 0.47	42%	1,1,0,1,0,1,1,1,2,0	41%	'+145	-180
Brayden Schenn	STL	-115	H	g	0.5	0.29	0.5 - 0.12	0.35 - 0.22	25%	0,2,1,0,0,1,0,0,0,0	28%	'+220	0
Brendan Gallagher	MTL	'+145	A	sog	2.5	2.31	2.48 - 2.28	2.87 - 1.71	41%	4,2,3,1,1,2,3,2,2,1	50%	'+120	-150
Brendan Gallagher	MTL	'+145	A	g	0.5	0.21	0.29 - 0.12	0.27 - 0.14	21%	1,1,0,0,1,0,0,0,0,0	12%	'+280	0
Brendan Gaunce	CBJ	'+320	A	g	0.5	0.0	0.0 - 0.0	0.0 - 0.0	0%	0,0,0,0,0	17%	'+550	0
Brendan Lemieux	PHI	-170	H	g	0.5	0.25	0.0 - 0.65	1.0 - 0.14	25%	0,0,0,1,0,0,1,0	0%	'+475	0
Brenden Dillon	WPG	-180	A	g	0.5	0.03	0.02 - 0.03	0.03 - 0.03	3%	0,0,0,0,0,0,0,0,0,0	4%	'+1100	0
Brent Burns	CAR	-140	H	sog	2.5	2.99	2.78 - 3.25	2.83 - 3.14	56%	2,3,4,2,2,1,2,5,2,5	43%	-125	-105
Brent Burns	CAR	-140	H	pts	0.5	0.75	0.99 - 0.31	0.86 - 0.65	58%	0,1,0,1,1,0,0,0,0,1	53%	-125	-105
Brent Burns	CAR	-140	H	ast	0.5	0.57	0.75 - 0.23	0.66 - 0.49	43%	0,0,0,1,1,0,0,0,0,1	44%	'+110	-140
Brent Burns	CAR	-140	H	g	0.5	0.18	0.25 - 0.09	0.2 - 0.16	18%	0,1,0,0,0,0,0,0,0,0	12%	'+450	0
Brett Howden	VGK	'+100	H	g	0.5	0.09	0.08 - 0.07	0.08 - 0.1	9%	0,0,0,0,0,0,0,1,0,0	18%	'+450	0
Brett Kulak	EDM	-120	A	g	0.5	0.03	0.02 - 0.03	0.0 - 0.05	3%	0,0,0,0,0,0,0,0,0,0	6%	'+1100	0
Brett Pesce	CAR	-140	H	g	0.5	0.06	0.08 - 0.0	0.09 - 0.03	4%	0,0,0,0,0,0,0,0,0,0	10%	'+650	0
Brian Dumoulin	PIT	-180	A	g	0.5	0.01	0.03 - 0.0	0.0 - 0.03	1%	0,0,0,0,0,0,0,0,0,0	4%	'+1100	0
Brock Boeser	VAN	-105	A	sog	2.5	2.2	2.38 - 2.02	2.06 - 2.37	40%	3,3,3,4,3,3,1,0,2,1	56%	'+100	-130
Brock Boeser	VAN	-105	A	pts	0.5	0.75	1.11 - 0.47	0.71 - 0.8	57%	2,1,0,0,0,1,0,3,1,0	47%	-145	'+115
Brock Boeser	VAN	-105	A	ast	0.5	0.52	0.69 - 0.38	0.51 - 0.53	42%	1,0,0,0,0,0,0,3,1,0	27%	'+135	-165
Brock Boeser	VAN	-105	A	g	0.5	0.23	0.42 - 0.09	0.2 - 0.27	22%	1,1,0,0,0,1,0,0,0,0	30%	'+205	0
Bryan Rust	PIT	-180	A	sog	2.5	2.62	2.57 - 2.43	2.19 - 3.09	42%	3,5,3,6,2,1,2,2,3,0	54%	-140	'+110
Bryan Rust	PIT	-180	A	pts	0.5	0.56	0.88 - 0.29	0.43 - 0.69	38%	0,0,2,0,0,0,1,0,0,0	55%	-135	'+105
Bryan Rust	PIT	-180	A	ast	0.5	0.33	0.52 - 0.19	0.24 - 0.43	25%	0,0,1,0,0,0,1,0,0,0	43%	'+185	-230
Bryan Rust	PIT	-180	A	g	0.5	0.22	0.36 - 0.1	0.19 - 0.26	22%	0,0,1,0,0,0,0,0,0,0	28%	'+240	0
Cal Foote	NSH	'+250	A	g	0.5	0.0	0.0 - 0.0	0.0 - 0.0	0%	0,0,0,0,0,0,0,0,0,0	3%	'+1900	0
Caleb Jones	CHI	'+235	H	bs	2.5	1.62	1.4 - 1.67	1.65 - 1.6	22%	5,1,1,2,0,1,1,2,1,1	0%	'+140	-175
Caleb Jones	CHI	'+235	H	g	0.5	0.06	0.05 - 0.07	0.06 - 0.07	6%	0,0,0,0,1,0,0,0,1,0	9%	'+1500	0
Calle Rosen	STL	-115	H	g	0.5	0.17	0.23 - 0.11	0.05 - 0.27	15%	0,0,0,0,0,0,0,0,2,0	4%	'+450	0
Calvin De Haan	CAR	-140	H	g	0.5	0.02	0.03 - 0.0	0.0 - 0.04	2%	0,0,0,0,0,0,0,0,0,0	6%	'+1500	0
Cameron York	PHI	-170	H	g	0.5	0.02	0.0 - 0.04	0.05 - 0.0	2%	0,0,0,0,0,0,0,0,0,0	10%	'+550	0
Carl Grundstrom	LA	'+115	A	g	0.5	0.23	0.25 - 0.13	0.15 - 0.29	19%	0,0,2,1,1,0,0,0,1,0	17%	'+500	0
Chad Ruhwedel	PIT	-180	A	g	0.5	0.02	0.04 - 0.0	0.0 - 0.05	2%	1,0,0,0,0,0,0,0,0,0	5%	'+1100	0
Chandler Stephenson	VGK	'+100	H	pts	0.5	0.75	0.95 - 0.38	0.75 - 0.76	55%	0,1,0,1,0,1,0,1,1,0	57%	-110	-120
Chandler Stephenson	VGK	'+100	H	ast	0.5	0.58	0.71 - 0.31	0.61 - 0.54	42%	0,1,0,1,0,1,0,1,0,0	41%	'+155	-190
Chandler Stephenson	VGK	'+100	H	g	0.5	0.18	0.23 - 0.07	0.14 - 0.22	18%	0,0,0,0,0,0,0,0,1,0	29%	'+220	0
Charlie Coyle	BOS	-300	H	pts	0.5	0.56	0.6 - 0.3	0.7 - 0.42	45%	0,0,1,0,2,1,1,0,0,1	45%	'+145	-180
Charlie Coyle	BOS	-300	H	ast	0.5	0.38	0.42 - 0.17	0.46 - 0.31	33%	0,0,1,0,1,1,1,0,0,1	32%	'+225	-285
Charlie Coyle	BOS	-300	H	g	0.5	0.18	0.18 - 0.12	0.24 - 0.11	18%	0,0,0,0,1,0,0,0,0,0	20%	'+320	0
Charlie Mcavoy	BOS	-300	H	g	0.5	0.1	0.12 - 0.07	0.13 - 0.07	10%	0,0,0,0,1,0,0,0,0,0	9%	'+500	0
Chris Kreider	NYR	-390	H	sog	2.5	3.01	3.23 - 2.5	2.94 - 3.09	53%	4,0,4,1,2,4,5,2,2,1	56%	-135	'+105
Chris Kreider	NYR	-390	H	pts	0.5	0.7	0.79 - 0.54	0.69 - 0.71	54%	0,0,0,1,1,2,0,1,0,0	60%	-160	'+130
Chris Kreider	NYR	-390	H	ast	0.5	0.26	0.24 - 0.25	0.2 - 0.31	23%	0,0,0,0,0,0,0,0,0,0	26%	'+165	-205
Chris Kreider	NYR	-390	H	g	0.5	0.44	0.56 - 0.29	0.49 - 0.4	37%	0,0,0,1,1,2,0,1,0,0	48%	'+105	0
Chris Tierney	MTL	'+145	A	g	0.5	0.06	0.14 - 0.0	0.11 - 0.0	6%	0,0,0,0,0,0,0,0,0,0	0%	'+450	0
Chris Wagner	BOS	-300	H	g	0.5	0.0	0.0 - 0	0.0 - 0	0%	0	0%	'+600	0
Chris Wideman	MTL	'+145	A	g	0.5	0.0	0.0 - 0.0	0.0 - 0.0	0%	0,0,0,0,0,0,0,0,0,0	6%	'+750	0
Christian Wolanin	VAN	-105	A	g	0.5	0.0	0.0 - 0.0	0.0 - 0.0	0%	0,0,0,0,0,0,0,0,0,0	0%	'+600	0
Cody Ceci	EDM	-120	A	g	0.5	0.01	0.0 - 0.03	0.0 - 0.03	1%	0,0,0,0,0,0,0,0,0,0	6%	'+1300	0
Cody Glass	NSH	'+250	A	sog	1.5	1.77	1.38 - 2.02	1.9 - 1.66	42%	4,0,0,1,5,3,5,1,2,2	40%	-145	'+115
Cody Glass	NSH	'+250	A	pts	0.5	0.44	0.59 - 0.26	0.37 - 0.5	39%	1,0,0,0,0,1,0,0,0,1	10%	'+140	-175
Cody Glass	NSH	'+250	A	ast	0.5	0.26	0.4 - 0.12	0.27 - 0.25	23%	0,0,0,0,0,0,0,0,0,1	10%	'+265	-345
Cody Glass	NSH	'+250	A	g	0.5	0.18	0.18 - 0.14	0.1 - 0.25	18%	1,0,0,0,0,1,0,0,0,0	0%	'+275	0
Cole Koepke	TB	'+120	A	g	0.5	0.06	0.07 - 0.0	0.0 - 0.11	6%	0,0,0,0,1,0,0,0,0,0	0%	'+650	0
Cole Smith	NSH	'+250	A	g	0.5	0.05	0.09 - 0.0	0.0 - 0.09	5%	0,0,0,0,0,0,0,0,0,0	0%	'+500	0
Colin Miller	DAL	-280	A	g	0.5	0.04	0.06 - 0.02	0.06 - 0.03	4%	0,0,0,0,0,0,0,0,0,0	6%	'+800	0
Colton Parayko	STL	-115	H	bs	1.5	1.77	1.62 - 1.75	1.64 - 1.91	54%	2,2,2,2,2,3,1,1,1,0	0%	-130	'+100
Colton Parayko	STL	-115	H	g	0.5	0.06	0.06 - 0.05	0.11 - 0.0	6%	0,0,0,0,0,0,0,0,0,0	9%	'+650	0
Colton Sissons	NSH	'+250	A	g	0.5	0.15	0.22 - 0.08	0.17 - 0.14	15%	0,0,0,0,0,0,0,0,0,0	9%	'+425	0
Connor Clifton	BOS	-300	H	g	0.5	0.07	0.08 - 0.0	0.03 - 0.11	7%	0,0,0,0,0,0,0,0,0,0	5%	'+1000	0
Connor Mcdavid	EDM	-120	A	sog	3.5	4.3	4.57 - 3.71	4.08 - 4.5	65%	3,2,7,6,1,3,4,3,1,3	52%	-155	'+125
Connor Mcdavid	EDM	-120	A	pts	2.5	1.89	2.46 - 1.19	1.89 - 1.89	27%	1,1,2,2,3,2,2,3,0,2	22%	'+160	-195
Connor Mcdavid	EDM	-120	A	ast	1.5	1.08	1.37 - 0.72	1.14 - 1.03	27%	1,1,0,2,2,1,1,2,0,0	38%	'+115	-145
Connor Mcdavid	EDM	-120	A	g	0.5	0.81	1.09 - 0.47	0.75 - 0.87	61%	0,0,2,0,1,1,1,1,0,2	49%	-125	0
Connor Murphy	CHI	'+235	H	bs	1.5	1.96	2.03 - 1.86	1.97 - 1.94	59%	4,1,4,2,1,1,1,0,2,0	0%	-165	'+135
Connor Murphy	CHI	'+235	H	g	0.5	0.08	0.12 - 0.06	0.06 - 0.11	8%	1,0,0,0,0,0,0,0,0,0	8%	'+800	0
Conor Garland	VAN	-105	A	sog	1.5	2.07	1.91 - 2.15	2.31 - 1.83	64%	2,2,2,2,2,2,3,0,1,5	69%	-175	'+140
Conor Garland	VAN	-105	A	pts	0.5	0.54	0.57 - 0.51	0.64 - 0.44	44%	0,0,2,0,0,0,1,2,1,0	55%	'+130	-160
Conor Garland	VAN	-105	A	ast	0.5	0.38	0.47 - 0.27	0.42 - 0.33	32%	0,0,1,0,0,0,1,2,1,0	35%	'+240	-305
Conor Garland	VAN	-105	A	g	0.5	0.17	0.1 - 0.23	0.22 - 0.11	17%	0,0,1,0,0,0,0,0,0,0	25%	'+275	0
Corey Perry	TB	'+120	A	g	0.5	0.16	0.26 - 0.04	0.08 - 0.25	15%	0,0,0,0,0,0,0,0,0,0	21%	'+425	0
Corey Schueneman	MTL	'+145	A	g	0.5	0.0	0.0 - 0.0	0.0 - 0.0	0%	0,0,0,0	8%	'+1200	0
Dakota Joshua	VAN	-105	A	g	0.5	0.16	0.26 - 0.06	0.14 - 0.18	14%	0,1,1,0,0,0,0,0,0,0	7%	'+475	0
Dante Fabbro	NSH	'+250	A	bs	1.5	1.51	1.27 - 1.54	1.56 - 1.46	43%	1,3,1,1,2,3,4,0,1,2	0%	-155	'+125
Dante Fabbro	NSH	'+250	A	g	0.5	0.01	0.0 - 0.02	0.0 - 0.03	1%	0,0,0,0,0,0,0,0,0,0	5%	'+1900	0
Danton Heinen	PIT	-180	A	g	0.5	0.11	0.14 - 0.05	0.1 - 0.12	9%	0,0,0,0,0,0,0,0,1,0	26%	'+500	0
Darnell Nurse	EDM	-120	A	sog	1.5	2.39	2.5 - 2.09	2.69 - 2.11	62%	4,1,1,4,0,2,1,1,5,2	68%	-180	'+145
Darnell Nurse	EDM	-120	A	pts	0.5	0.54	0.69 - 0.35	0.44 - 0.63	47%	1,1,1,1,1,0,1,0,1,1	45%	'+135	-165
Darnell Nurse	EDM	-120	A	ast	0.5	0.42	0.55 - 0.26	0.36 - 0.47	38%	0,1,1,0,1,0,1,0,0,1	35%	'+180	-220
Darnell Nurse	EDM	-120	A	bs	1.5	1.99	1.97 - 1.93	1.89 - 2.08	51%	2,1,3,1,1,2,1,4,3,2	0%	-155	'+125
Darnell Nurse	EDM	-120	A	g	0.5	0.12	0.14 - 0.1	0.08 - 0.16	12%	1,0,0,1,0,0,0,0,1,0	11%	'+450	0
Dave Gust	CHI	'+235	H	g	0.5	0.25	0.97 - 0.0	0.33 - 0.0	25%	0,0,0,1	0%	'+550	0
David Gustafsson	WPG	-180	A	g	0.5	0.0	0.0 - 0.0	0.0 - 0.0	0%	0,0,0,0,0,0,0,0,0,0	0%	'+360	0
David Krejci	BOS	-300	H	g	0.5	0.24	0.3 - 0.06	0.22 - 0.26	21%	0,0,1,1,1,0,0,0,0,0	0%	'+255	0
David Pastrnak	BOS	-300	H	sog	4.5	4.79	4.73 - 4.29	4.68 - 4.92	59%	7,5,5,7,5,6,5,3,2,7	46%	-150	'+120
David Pastrnak	BOS	-300	H	pts	1.5	1.32	1.42 - 0.92	1.32 - 1.31	40%	2,0,2,0,1,2,1,1,2,0	31%	'+140	-175
David Pastrnak	BOS	-300	H	ast	0.5	0.62	0.66 - 0.47	0.62 - 0.61	51%	0,0,1,0,0,1,1,1,1,0	43%	-105	-125
David Pastrnak	BOS	-300	H	g	0.5	0.7	0.76 - 0.45	0.7 - 0.69	56%	2,0,1,0,1,1,0,0,1,0	37%	-125	0
David Perron	DET	'+155	H	sog	2.5	2.33	2.52 - 1.96	2.31 - 2.36	35%	1,0,2,0,1,1,1,4,4,4	49%	'+120	-150
David Perron	DET	'+155	H	pts	0.5	0.61	0.78 - 0.44	0.72 - 0.5	46%	0,1,1,1,0,0,0,1,1,1	57%	-115	-115
David Perron	DET	'+155	H	ast	0.5	0.39	0.59 - 0.2	0.42 - 0.36	31%	0,1,1,1,0,0,0,1,1,0	37%	'+155	-190
David Perron	DET	'+155	H	g	0.5	0.22	0.19 - 0.24	0.31 - 0.14	21%	0,0,0,0,0,0,0,0,0,1	32%	'+250	0
David Savard	MTL	'+145	A	bs	2.5	2.85	3.57 - 2.17	2.76 - 2.94	51%	1,6,1,3,3,2,4,2,1,3	0%	'+105	-135
David Savard	MTL	'+145	A	g	0.5	0.05	0.12 - 0.0	0.07 - 0.03	5%	0,0,0,0,0,0,0,0,0,0	5%	'+850	0
Denis Gurianov	MTL	'+145	A	sog	1.5	2.4	2.6 - 2.12	2.67 - 2.0	73%	2,1,1,1,2,1,4,2,4,2	0%	-160	'+130
Denis Gurianov	MTL	'+145	A	g	0.5	0.33	0.19 - 0.34	0.33 - 0.33	33%	0,0,0,0,1,0,1,1,1,0	0%	'+295	0
Derek Forbort	BOS	-300	H	g	0.5	0.09	0.11 - 0.0	0.1 - 0.08	9%	0,0,0,0,0,0,0,0,0,0	5%	'+800	0
Derek Ryan	EDM	-120	A	g	0.5	0.17	0.16 - 0.19	0.06 - 0.27	17%	0,0,0,0,0,0,1,0,0,1	11%	'+270	0
Derek Stepan	CAR	-140	H	g	0.5	0.08	0.11 - 0.0	0.09 - 0.06	6%	0,0,0,0,0,0,0,0,0,0	14%	'+600	0
Derrick Pouliot	SJ	'+155	H	g	0.5	0.0	0 - 0.0	0.0 - 0.0	0%	0,0,0,0,0,0,0,0	0%	'+700	0
Devin Shore	EDM	-120	A	g	0.5	0.02	0.02 - 0.0	0.05 - 0.0	2%	0,0,0,0,0,0,0,0,0,0	11%	'+475	0
Dillon Dube	CGY	-135	H	pts	0.5	0.53	0.8 - 0.29	0.61 - 0.44	38%	0,0,1,0,0,1,1,0,0,0	30%	'+145	-180
Dillon Dube	CGY	-135	H	ast	0.5	0.28	0.44 - 0.13	0.32 - 0.25	22%	0,0,1,0,0,0,1,0,0,0	17%	'+280	-360
Dillon Dube	CGY	-135	H	g	0.5	0.24	0.35 - 0.16	0.29 - 0.19	22%	0,0,0,0,0,1,0,0,0,0	17%	'+255	0
Dmitry Orlov	BOS	-300	H	pts	0.5	0.55	0.87 - 0.15	0.69 - 0.41	38%	1,0,0,0,0,1,1,0,1,0	32%	'+110	-140
Dmitry Orlov	BOS	-300	H	ast	0.5	0.45	0.69 - 0.15	0.55 - 0.34	34%	1,0,0,0,0,1,1,0,1,0	22%	'+150	-185
Dmitry Orlov	BOS	-300	H	g	0.5	0.1	0.18 - 0.0	0.14 - 0.07	9%	0,0,0,0,0,0,0,0,0,0	15%	'+500	0
Dominik Kubalik	DET	'+155	H	sog	2.5	2.24	2.12 - 2.0	2.25 - 2.23	41%	4,0,2,3,4,3,3,1,2,2	30%	'+140	-175
Dominik Kubalik	DET	'+155	H	pts	0.5	0.58	0.77 - 0.36	0.53 - 0.63	44%	0,1,1,0,0,0,0,0,1,0	36%	'+130	-160
Dominik Kubalik	DET	'+155	H	ast	0.5	0.32	0.35 - 0.23	0.17 - 0.49	30%	0,1,1,0,0,0,0,0,0,0	19%	'+225	-285
Dominik Kubalik	DET	'+155	H	g	0.5	0.25	0.41 - 0.13	0.36 - 0.14	23%	0,0,0,0,0,0,0,0,1,0	19%	'+240	0
Drake Caggiula	PIT	-180	A	g	0.5	0.0	0.0 - 0.0	0.0 - 0	0%	0,0,0,0	0%	'+500	0
Drew Doughty	LA	'+115	A	pts	0.5	0.67	0.78 - 0.53	0.59 - 0.74	50%	1,2,2,0,1,1,0,0,0,2	56%	-105	-125
Drew Doughty	LA	'+115	A	ast	0.5	0.56	0.58 - 0.53	0.56 - 0.55	42%	0,1,1,0,0,0,0,0,0,2	50%	'+125	-155
Drew Doughty	LA	'+115	A	g	0.5	0.11	0.2 - 0.0	0.03 - 0.18	11%	1,1,1,0,1,1,0,0,0,0	14%	'+600	0
Dylan Coghlan	CAR	-140	H	g	0.5	0.0	0.0 - 0.0	0.0 - 0.0	0%	0,0,0,0,0,0,0,0,0,0	6%	'+800	0
Dylan Demelo	WPG	-180	A	g	0.5	0.07	0.09 - 0.04	0.03 - 0.11	7%	0,0,0,0,0,0,1,0,0,0	1%	'+1100	0
Dylan Holloway	EDM	-120	A	g	0.5	0.06	0.1 - 0.0	0.08 - 0.04	6%	0,0,0,0,0,0,0,0,0,0	0%	'+310	0
Dylan Larkin	DET	'+155	H	sog	2.5	3.06	3.28 - 2.61	2.91 - 3.19	59%	2,2,2,1,3,5,3,3,5,3	55%	-165	'+135
Dylan Larkin	DET	'+155	H	pts	0.5	0.96	1.46 - 0.53	0.86 - 1.06	68%	0,1,1,1,1,0,3,1,1,0	63%	-205	'+165
Dylan Larkin	DET	'+155	H	ast	0.5	0.59	0.93 - 0.31	0.49 - 0.69	48%	0,1,1,0,1,0,2,1,0,0	37%	-110	-120
Dylan Larkin	DET	'+155	H	g	0.5	0.37	0.53 - 0.22	0.37 - 0.36	32%	0,0,0,1,0,0,1,0,1,0	36%	'+180	0
Dylan Samberg	WPG	-180	A	g	0.5	0.04	0.05 - 0.0	0.04 - 0.03	4%	0,0,0,0,0,0,0,0,0,0	0%	'+1100	0
Egor Zamula	PHI	-170	H	g	0.5	0.0	0.0 - 0.0	0.0 - 0.0	0%	0,0,0,0,0,0,0,0,0,0	0%	'+850	0
Elias Lindholm	CGY	-135	H	sog	2.5	2.18	2.31 - 1.96	2.11 - 2.26	38%	1,0,3,1,3,1,6,4,4,3	44%	'+120	-150
Elias Lindholm	CGY	-135	H	pts	0.5	0.86	1.24 - 0.53	0.89 - 0.83	57%	1,0,1,1,2,2,0,2,1,0	72%	-145	'+115
Elias Lindholm	CGY	-135	H	ast	0.5	0.57	0.78 - 0.38	0.65 - 0.49	40%	1,0,0,1,1,2,0,1,1,0	40%	'+130	-160
Elias Lindholm	CGY	-135	H	g	0.5	0.29	0.46 - 0.14	0.24 - 0.34	28%	0,0,1,0,1,0,0,1,0,0	43%	'+165	0
Elias Pettersson	VAN	-105	A	sog	3.5	3.28	3.42 - 3.1	3.62 - 2.91	35%	7,2,2,1,4,3,5,1,2,2	32%	'+135	-165
Elias Pettersson	VAN	-105	A	pts	1.5	1.31	1.9 - 0.75	1.3 - 1.32	38%	2,1,1,1,2,1,2,1,1,2	25%	'+165	-205
Elias Pettersson	VAN	-105	A	ast	0.5	0.82	1.15 - 0.49	0.76 - 0.88	58%	0,1,1,1,1,0,1,1,1,2	37%	-125	-105
Elias Pettersson	VAN	-105	A	g	0.5	0.49	0.75 - 0.26	0.54 - 0.44	41%	2,0,0,0,1,1,1,0,0,0	33%	'+110	0
Emil Bemstrom	CBJ	'+320	A	sog	1.5	1.8	1.63 - 1.75	2.22 - 1.36	51%	3,0,3,4,4,1,2,4,4,2	56%	-175	'+140
Emil Bemstrom	CBJ	'+320	A	g	0.5	0.13	0.11 - 0.12	0.17 - 0.09	13%	0,0,1,0,0,0,0,0,1,0	15%	'+400	0
Eric Robinson	CBJ	'+320	A	g	0.5	0.15	0.4 - 0.02	0.19 - 0.12	12%	0,1,1,0,0,0,0,0,0,0	13%	'+550	0
Erik Cernak	TB	'+120	A	g	0.5	0.02	0.03 - 0.0	0.0 - 0.03	2%	0,0,0,0,0,0,0,0,0,0	3%	'+1000	0
Erik Gudbranson	CBJ	'+320	A	g	0.5	0.01	0.04 - 0.0	0.03 - 0.0	1%	0,0,0,0,0,0,0,0,0,0	7%	'+1200	0
Erik Karlsson	SJ	'+155	H	pts	0.5	1.23	1.97 - 0.96	1.11 - 1.36	70%	2,1,2,0,0,1,1,1,0,2	54%	-235	'+190
Erik Karlsson	SJ	'+155	H	g	0.5	0.3	0.51 - 0.23	0.24 - 0.36	25%	0,0,2,0,0,0,0,1,0,0	21%	'+260	0
Esa Lindell	DAL	-280	A	bs	1.5	1.89	2.1 - 1.62	1.97 - 1.81	55%	0,2,1,0,2,2,2,1,1,2	0%	-115	-115
Esa Lindell	DAL	-280	A	g	0.5	0.1	0.17 - 0.0	0.14 - 0.05	10%	0,0,0,0,0,0,0,0,0,0	5%	'+600	0
Evan Bouchard	EDM	-120	A	sog	2.5	1.95	2.0 - 1.91	1.81 - 2.08	34%	1,3,1,2,1,0,2,1,3,3	43%	'+100	-130
Evan Bouchard	EDM	-120	A	pts	0.5	0.45	0.45 - 0.38	0.64 - 0.26	31%	2,1,0,1,0,2,0,2,1,0	42%	'+140	-175
Evan Bouchard	EDM	-120	A	ast	0.5	0.38	0.32 - 0.38	0.53 - 0.24	27%	1,1,0,1,0,2,0,2,0,0	33%	'+200	-250
Evan Bouchard	EDM	-120	A	g	0.5	0.07	0.13 - 0.0	0.11 - 0.03	5%	1,0,0,0,0,0,0,0,1,0	15%	'+400	0
Evander Kane	EDM	-120	A	sog	2.5	3.24	3.2 - 2.81	2.21 - 4.0	58%	2,2,2,2,3,2,3,3,0,3	69%	-175	'+140
Evander Kane	EDM	-120	A	pts	0.5	0.73	0.83 - 0.45	0.93 - 0.58	52%	0,0,0,0,3,0,1,1,0,0	57%	-135	'+105
Evander Kane	EDM	-120	A	ast	0.5	0.33	0.39 - 0.23	0.43 - 0.26	30%	0,0,0,0,0,0,1,0,0,0	33%	'+205	-255
Evander Kane	EDM	-120	A	g	0.5	0.39	0.45 - 0.22	0.5 - 0.32	27%	0,0,0,0,3,0,0,1,0,0	40%	'+145	0
Evgeni Malkin	PIT	-180	A	sog	2.5	2.85	3.21 - 2.34	2.62 - 3.08	52%	2,3,2,4,2,0,3,2,3,1	50%	-120	-110
Evgeni Malkin	PIT	-180	A	pts	1.5	1.03	1.3 - 0.72	0.78 - 1.28	29%	1,0,1,1,0,0,2,2,1,1	23%	'+180	-220
Evgeni Malkin	PIT	-180	A	ast	0.5	0.68	0.94 - 0.4	0.54 - 0.83	51%	0,0,1,1,0,0,1,2,1,1	44%	-130	'+100
Evgeni Malkin	PIT	-180	A	g	0.5	0.34	0.37 - 0.32	0.24 - 0.44	29%	1,0,0,0,0,0,1,0,0,0	40%	'+170	0
Evgenii Dadonov	DAL	-280	A	g	0.5	0.11	0.12 - 0.09	0.1 - 0.11	9%	0,0,0,0,0,0,1,0,1,0	25%	'+225	0
Evgeny Svechnikov	SJ	'+155	H	g	0.5	0.15	0.26 - 0.11	0.17 - 0.14	15%	0,0,0,0,0,0,0,0,0,1	10%	'+370	0
Fabian Zetterlund	SJ	'+155	H	g	0.5	0.0	0.0 - 0.0	0.0 - 0.0	0%	0,0,0,0,0,0,0,0,0,0	0%	'+290	0
Filip Chytil	NYR	-390	H	sog	2.5	2.31	2.26 - 2.14	2.09 - 2.53	37%	5,1,2,6,1,4,1,1,2,1	34%	'+110	-140
Filip Chytil	NYR	-390	H	pts	0.5	0.6	0.85 - 0.28	0.52 - 0.69	46%	2,0,0,1,1,0,0,0,0,0	33%	'+115	-145
Filip Chytil	NYR	-390	H	ast	0.5	0.31	0.46 - 0.1	0.3 - 0.31	28%	1,0,0,0,1,0,0,0,0,0	19%	'+240	-305
Filip Chytil	NYR	-390	H	g	0.5	0.29	0.39 - 0.19	0.21 - 0.38	26%	1,0,0,1,0,0,0,0,0,0	16%	'+170	0
Filip Hronek	VAN	-105	A	pts	0.5	0.33	0.3 - 0	0.5 - 0.0	33%	0,1,0	0%	'+110	-140
Filip Hronek	VAN	-105	A	ast	0.5	0.33	0.3 - 0	0.5 - 0.0	33%	0,1,0	0%	'+155	-190
Filip Hronek	VAN	-105	A	g	0.5	0.0	0.0 - 0	0.0 - 0.0	0%	0,0,0	0%	'+475	0
Filip Roos	CHI	'+235	H	g	0.5	0.06	0.19 - 0.0	0.1 - 0.0	6%	0,0,0,0,0,0,0,0,0,1	0%	'+1500	0
Filip Zadina	DET	'+155	H	g	0.5	0.1	0.26 - 0.0	0.07 - 0.12	10%	0,1,0,0,0,0,0,0,0,0	15%	'+400	0
Fredrik Olofsson	DAL	-280	A	g	0.5	0.04	0.06 - 0.0	0.0 - 0.09	4%	0,0,0,0,0,0,0,0,0,0	0%	'+425	0
Gabriel Vilardi	LA	'+115	A	g	0.5	0.37	0.45 - 0.24	0.28 - 0.44	35%	0,0,1,0,0,0,0,1,0,1	19%	'+240	0
Garnet Hathaway	BOS	-300	H	g	0.5	0.19	0.24 - 0.0	0.11 - 0.29	19%	0,1,0,0,1,0,0,0,0,1	0%	'+425	0
Gavin Bayreuther	CBJ	'+320	A	g	0.5	0.05	0.0 - 0.05	0.05 - 0.05	5%	0,0,0,0,0,0,0,0,0,0	0%	'+1500	0
Guillaume Brisebois	VAN	-105	A	g	0.5	0.07	0.1 - 0.0	0.0 - 0.1	7%	0,0,0,1,0,0,0,0,0,0	0%	'+900	0
Gustav Lindstrom	DET	'+155	H	g	0.5	0.03	0.08 - 0.0	0.06 - 0.0	3%	0,0,0,0,0,0,0,0,0,1	0%	'+1700	0
Hampus Lindholm	BOS	-300	H	g	0.5	0.14	0.16 - 0.06	0.2 - 0.08	14%	0,0,0,1,0,0,1,1,0,0	6%	'+500	0
Haydn Fleury	TB	'+120	A	g	0.5	0.0	0.0 - 0.0	0.0 - 0.0	0%	0,0,0,0,0,0,0,0,0,0	3%	'+850	0
Ian Cole	TB	'+120	A	g	0.5	0.04	0.08 - 0.0	0.03 - 0.05	4%	0,0,0,0,0,0,0,0,0,0	2%	'+1300	0
Ian Mitchell	CHI	'+235	H	g	0.5	0.03	0.0 - 0.05	0.0 - 0.07	3%	0,0,0,0,0,0,0,0,0,0	0%	'+1100	0
Ivan Barbashev	VGK	'+100	H	pts	0.5	0.53	0.71 - 0.34	0.55 - 0.51	41%	1,1,0,0,0,2,1,0,0,0	49%	'+100	-130
Ivan Barbashev	VGK	'+100	H	ast	0.5	0.34	0.41 - 0.27	0.34 - 0.34	32%	1,1,0,0,0,0,1,0,0,0	32%	'+200	-250
Ivan Barbashev	VGK	'+100	H	g	0.5	0.19	0.3 - 0.08	0.21 - 0.17	16%	0,0,0,0,0,2,0,0,0,0	27%	'+195	0
Ivan Provorov	PHI	-170	H	g	0.5	0.07	0.08 - 0.07	0.03 - 0.11	7%	0,0,1,0,0,0,0,0,0,0	9%	'+600	0
Jaccob Slavin	CAR	-140	H	bs	1.5	1.48	1.48 - 1.46	1.34 - 1.62	39%	1,1,2,1,1,0,1,4,1,1	0%	'+125	-155
Jaccob Slavin	CAR	-140	H	g	0.5	0.09	0.12 - 0.04	0.16 - 0.03	9%	0,0,0,0,0,0,1,0,0,0	5%	'+900	0
Jack Drury	CAR	-140	H	g	0.5	0.07	0.05 - 0.07	0.0 - 0.17	7%	1,0,0,0,0,0,1,0,0,0	100%	'+450	0
Jack Eichel	VGK	'+100	H	sog	2.5	3.42	3.57 - 2.78	3.7 - 3.13	60%	4,1,2,4,1,4,2,4,2,1	76%	-160	'+130
Jack Eichel	VGK	'+100	H	pts	0.5	0.97	1.22 - 0.43	0.93 - 1.0	60%	3,1,0,3,0,1,0,0,1,1	59%	-155	'+125
Jack Eichel	VGK	'+100	H	ast	0.5	0.52	0.62 - 0.27	0.57 - 0.47	43%	2,1,0,0,0,1,0,0,1,1	32%	'+150	-185
Jack Eichel	VGK	'+100	H	g	0.5	0.45	0.6 - 0.16	0.37 - 0.53	35%	1,0,0,3,0,0,0,0,0,0	35%	'+135	0
Jack Roslovic	CBJ	'+320	A	pts	0.5	0.59	1.17 - 0.33	0.5 - 0.7	42%	1,2,2,0,0,0,0,0,1,1	41%	'+105	-135
Jack Roslovic	CBJ	'+320	A	ast	0.5	0.46	0.89 - 0.26	0.42 - 0.52	38%	1,2,0,0,0,0,0,0,1,0	27%	'+190	-235
Jack Roslovic	CBJ	'+320	A	g	0.5	0.13	0.29 - 0.06	0.08 - 0.18	9%	0,0,2,0,0,0,0,0,0,1	19%	'+340	0
Jack Studnicka	VAN	-105	A	g	0.5	0.11	0.11 - 0.07	0.15 - 0.06	11%	0,0,0,0,0,0,0,0,0,0	0%	'+475	0
Jacob Macdonald	SJ	'+155	H	g	0.5	0.06	0.0 - 0.09	0.0 - 0.12	6%	0,0,0,0,1,0,0,0,0,0	0%	'+700	0
Jacob Peterson	SJ	'+155	H	g	0.5	0.0	0 - 0.0	0.0 - 0	0%	0,0	0%	'+425	0
Jacob Trouba	NYR	-390	H	sog	2.5	2.55	2.38 - 2.63	2.28 - 2.81	49%	3,0,2,1,3,3,4,1,1,5	38%	-105	-125
Jacob Trouba	NYR	-390	H	pts	0.5	0.4	0.52 - 0.18	0.31 - 0.49	33%	1,0,0,2,2,0,1,0,1,2	35%	'+140	-175
Jacob Trouba	NYR	-390	H	ast	0.5	0.29	0.36 - 0.15	0.22 - 0.35	26%	1,0,0,2,1,0,0,0,1,1	29%	'+190	-235
Jacob Trouba	NYR	-390	H	bs	2.5	2.49	2.42 - 2.43	2.58 - 2.41	47%	2,2,2,2,1,6,1,2,3,3	0%	'+120	-150
Jacob Trouba	NYR	-390	H	g	0.5	0.11	0.16 - 0.03	0.08 - 0.14	11%	0,0,0,0,1,0,1,0,0,1	12%	'+450	0
Jake Debrusk	BOS	-300	H	sog	2.5	3.07	3.11 - 2.17	3.0 - 3.13	55%	5,2,5,5,4,3,2,3,2,1	40%	-150	'+120
Jake Debrusk	BOS	-300	H	pts	0.5	0.84	0.89 - 0.57	1.0 - 0.7	60%	0,0,1,1,4,1,0,0,1,1	40%	-140	'+110
Jake Debrusk	BOS	-300	H	ast	0.5	0.4	0.39 - 0.41	0.64 - 0.2	31%	0,0,0,0,3,0,0,0,0,1	21%	'+190	-235
Jake Debrusk	BOS	-300	H	g	0.5	0.44	0.49 - 0.16	0.36 - 0.5	38%	0,0,1,1,1,1,0,0,1,0	27%	'+150	0
Jake Evans	MTL	'+145	A	g	0.5	0.04	0.04 - 0.04	0.04 - 0.05	4%	0,0,0,0,1,0,0,0,0,0	17%	'+380	0
Jake Guentzel	PIT	-180	A	sog	3.5	3.26	4.13 - 2.36	2.88 - 3.61	41%	7,2,4,5,3,6,6,4,3,3	47%	'+100	-130
Jake Guentzel	PIT	-180	A	pts	1.5	0.96	1.28 - 0.67	0.88 - 1.03	26%	1,1,2,0,0,1,3,0,2,1	26%	'+145	-180
Jake Guentzel	PIT	-180	A	ast	0.5	0.49	0.6 - 0.4	0.39 - 0.58	43%	0,1,1,0,0,0,1,0,1,0	49%	-110	-120
Jake Guentzel	PIT	-180	A	g	0.5	0.46	0.68 - 0.27	0.48 - 0.44	39%	1,0,1,0,0,1,2,0,1,1	45%	'+105	0
Jake Leschyshyn	NYR	-390	H	g	0.5	0.0	0.0 - 0.0	0.0 - 0.0	0%	0,0,0,0,0,0,0,0,0,0	0%	'+450	0
Jake Walman	DET	'+155	H	sog	2.5	2.3	2.11 - 2.29	2.0 - 2.62	42%	0,4,3,4,2,0,1,2,4,2	46%	'+110	-140
Jake Walman	DET	'+155	H	g	0.5	0.15	0.19 - 0.11	0.11 - 0.19	15%	0,1,0,0,0,0,0,0,1,0	6%	'+550	0
Jakob Pelletier	CGY	-135	H	g	0.5	0.13	0.21 - 0.07	0.25 - 0.0	13%	0,0,0,0,0,0,0,0,0,0	0%	'+310	0
Jakub Lauko	BOS	-300	H	g	0.5	0.22	0.22 - 0.0	0.17 - 0.33	17%	1,0,0,0,0,0,2,0,0,0	0%	'+500	0
Jakub Vrana	STL	-115	H	sog	2.5	2.69	2.25 - 2.76	2.56 - 2.86	50%	3,3,2,5,2,2,5,1,3,4	27%	-120	-110
Jakub Vrana	STL	-115	H	pts	0.5	0.62	0.7 - 0.45	0.56 - 0.71	44%	0,2,0,0,1,1,2,1,0,1	50%	-105	-125
Jakub Vrana	STL	-115	H	ast	0.5	0.19	0.31 - 0.0	0.33 - 0.0	19%	0,1,0,0,0,1,0,0,0,0	23%	'+255	-325
Jakub Vrana	STL	-115	H	g	0.5	0.44	0.39 - 0.45	0.22 - 0.71	38%	0,1,0,0,1,0,2,1,0,1	35%	'+175	0
Jakub Zboril	BOS	-300	H	g	0.5	0.06	0.07 - 0.0	0.11 - 0.0	6%	0,0,0,0,0,0,0,1,0,0	0%	'+1300	0
Jalen Chatfield	CAR	-140	H	g	0.5	0.09	0.11 - 0.05	0.12 - 0.06	9%	0,0,0,1,0,0,0,0,0,0	0%	'+800	0
James Van Riemsdyk	PHI	-170	H	g	0.5	0.18	0.16 - 0.16	0.14 - 0.22	18%	0,0,0,0,1,0,0,0,0,0	23%	'+210	0
Jamie Benn	DAL	-280	A	sog	2.5	2.4	2.37 - 2.12	2.14 - 2.65	41%	1,5,5,3,2,4,4,1,2,3	30%	-110	-120
Jamie Benn	DAL	-280	A	pts	0.5	0.97	1.16 - 0.65	1.06 - 0.89	62%	0,1,3,2,0,2,3,0,3,2	39%	-165	'+135
Jamie Benn	DAL	-280	A	ast	0.5	0.55	0.7 - 0.31	0.64 - 0.46	41%	0,0,2,2,0,1,2,0,2,1	29%	'+140	-175
Jamie Benn	DAL	-280	A	g	0.5	0.42	0.46 - 0.34	0.42 - 0.43	38%	0,1,1,0,0,1,1,0,1,1	20%	'+200	0
Jan Rutta	PIT	-180	A	g	0.5	0.06	0.11 - 0.0	0.04 - 0.08	6%	0,0,0,0,0,0,0,0,0,0	5%	'+1100	0
Jani Hakanpaa	DAL	-280	A	g	0.5	0.08	0.12 - 0.03	0.08 - 0.08	8%	0,0,0,1,0,0,0,0,0,0	5%	'+800	0
Jaret Anderson-Dolan	LA	'+115	A	g	0.5	0.17	0.18 - 0.1	0.22 - 0.11	14%	0,0,0,0,0,1,0,1,0,0	0%	'+340	0
Jarred Tinordi	CHI	'+235	H	g	0.5	0.05	0.16 - 0.0	0.09 - 0.0	2%	0,0,0,0,0,0,0,0,0,0	14%	'+1900	0
Jason Dickinson	CHI	'+235	H	g	0.5	0.13	0.27 - 0.06	0.15 - 0.11	13%	0,0,0,0,0,0,0,0,0,0	7%	'+390	0
Jason Robertson	DAL	-280	A	sog	3.5	3.84	4.25 - 2.98	3.42 - 4.24	55%	2,2,4,5,1,1,2,1,9,5	31%	-125	-105
Jason Robertson	DAL	-280	A	pts	1.5	1.25	1.59 - 0.79	1.08 - 1.41	38%	0,2,1,3,0,0,2,0,3,1	29%	'+170	-210
Jason Robertson	DAL	-280	A	ast	0.5	0.68	0.9 - 0.39	0.64 - 0.73	51%	0,2,1,1,0,0,1,0,3,0	41%	-110	-120
Jason Robertson	DAL	-280	A	g	0.5	0.56	0.69 - 0.4	0.44 - 0.68	44%	0,0,0,2,0,0,1,0,0,1	37%	-110	0
Jason Zucker	PIT	-180	A	sog	2.5	2.65	2.87 - 2.23	2.3 - 2.97	49%	6,3,5,2,3,4,4,8,4,2	50%	-120	-110
Jason Zucker	PIT	-180	A	pts	0.5	0.64	0.81 - 0.42	0.48 - 0.78	46%	1,0,1,0,0,0,0,1,1,1	37%	-110	-120
Jason Zucker	PIT	-180	A	ast	0.5	0.29	0.36 - 0.22	0.18 - 0.39	22%	1,0,1,0,0,0,0,0,0,0	22%	'+280	-360
Jason Zucker	PIT	-180	A	g	0.5	0.35	0.45 - 0.2	0.3 - 0.39	30%	0,0,0,0,0,0,0,1,1,1	15%	'+180	0
Jeff Carter	PIT	-180	A	g	0.5	0.16	0.23 - 0.05	0.17 - 0.15	14%	0,0,2,0,0,0,0,0,0,0	22%	'+340	0
Jeff Petry	PIT	-180	A	g	0.5	0.1	0.13 - 0.04	0.15 - 0.04	8%	0,0,0,0,0,0,0,2,0,0	6%	'+500	0
Jeremy Lauzon	NSH	'+250	A	g	0.5	0.05	0.03 - 0.07	0.06 - 0.03	5%	0,0,0,0,0,0,0,0,0,0	3%	'+1200	0
Jesper Fast	CAR	-140	H	g	0.5	0.11	0.15 - 0.05	0.09 - 0.14	10%	0,0,0,0,0,0,0,0,0,0	17%	'+475	0
Jesperi Kotkaniemi	CAR	-140	H	pts	0.5	0.5	0.63 - 0.19	0.34 - 0.65	36%	0,1,0,1,0,1,3,0,0,0	30%	'+135	-165
Jesperi Kotkaniemi	CAR	-140	H	ast	0.5	0.31	0.43 - 0.03	0.29 - 0.32	24%	0,1,0,1,0,1,1,0,0,0	22%	'+215	-270
Jesperi Kotkaniemi	CAR	-140	H	g	0.5	0.19	0.2 - 0.15	0.06 - 0.32	18%	0,0,0,0,0,0,2,0,0,0	12%	'+230	0
Jesse Puljujarvi	CAR	-140	H	g	0.5	0.0	0.0 - 0.0	0.0 - 0.0	0%	0,0,0,0,0,0,0,0	0%	'+260	0
Jesse Ylonen	MTL	'+145	A	g	0.5	0.19	0.31 - 0.09	0.27 - 0.12	19%	0,1,1,0,1,1,0,0,0,0	0%	'+380	0
Jimmy Vesey	NYR	-390	H	g	0.5	0.14	0.16 - 0.08	0.11 - 0.17	12%	0,0,0,0,0,0,1,0,0,0	11%	'+310	0
Joe Pavelski	DAL	-280	A	sog	2.5	2.32	2.31 - 2.2	2.33 - 2.3	44%	1,3,1,1,2,5,2,4,3,3	46%	'+130	-160
Joe Pavelski	DAL	-280	A	pts	0.5	0.92	1.15 - 0.66	0.86 - 0.97	58%	0,1,2,3,0,0,2,1,2,1	64%	-180	'+145
Joe Pavelski	DAL	-280	A	ast	0.5	0.63	0.75 - 0.48	0.5 - 0.76	49%	0,0,1,2,0,0,1,0,1,1	49%	'+105	-135
Joe Pavelski	DAL	-280	A	g	0.5	0.29	0.4 - 0.19	0.36 - 0.22	25%	0,1,1,1,0,0,1,1,1,0	28%	'+200	0
Joe Veleno	DET	'+155	H	g	0.5	0.1	0.12 - 0.07	0.09 - 0.11	10%	0,0,0,0,0,0,0,0,0,0	13%	'+475	0
Joel Armia	MTL	'+145	A	g	0.5	0.08	0.16 - 0.0	0.0 - 0.2	5%	0,0,0,1,0,0,0,0,0,2	10%	'+380	0
Joel Edmundson	MTL	'+145	A	bs	1.5	2.53	2.73 - 2.18	2.44 - 2.62	66%	0,3,1,2,3,0,2,2,3,1	0%	-160	'+130
Joel Edmundson	MTL	'+145	A	g	0.5	0.04	0.1 - 0.0	0.07 - 0.0	4%	0,0,0,0,0,0,1,0,0,0	12%	'+1000	0
Joel Farabee	PHI	-170	H	sog	1.5	1.76	1.99 - 1.4	1.57 - 1.95	51%	5,3,3,1,1,3,1,1,0,4	57%	-185	'+150
Joel Farabee	PHI	-170	H	pts	0.5	0.47	0.7 - 0.28	0.49 - 0.46	38%	1,2,2,1,1,0,0,0,1,0	36%	-125	-105
Joel Farabee	PHI	-170	H	ast	0.5	0.29	0.43 - 0.18	0.31 - 0.27	28%	1,1,1,0,0,0,0,0,1,0	19%	'+155	-190
Joel Farabee	PHI	-170	H	g	0.5	0.18	0.26 - 0.1	0.17 - 0.19	18%	0,1,1,1,1,0,0,0,0,0	28%	'+220	0
Joel Hanley	DAL	-280	A	g	0.5	0.0	0.0 - 0.0	0.0 - 0.0	0%	0,0,0,0,0,0,0,0,0,0	4%	'+1300	0
Joel Kiviranta	DAL	-280	A	g	0.5	0.1	0.15 - 0.04	0.06 - 0.14	10%	0,0,0,0,0,0,0,0,1,0	2%	'+425	0
Joey Anderson	CHI	'+235	H	g	0.5	0.2	0.58 - 0.09	0.2 - 0.2	20%	0,0,0,0,0,1,1,0,0,1	0%	'+650	0
John Leonard	NSH	'+250	A	g	0.5	0.25	0.41 - 0.0	0.25 - 0	25%	0,0,0,1	0%	'+370	0
Johnathan Kovacevic	MTL	'+145	A	g	0.5	0.03	0.06 - 0.0	0.06 - 0.0	3%	0,0,0,0,0,0,0,0,0,0	0%	'+1200	0
Johnny Gaudreau	CBJ	'+320	A	sog	2.5	2.63	2.69 - 2.51	2.35 - 2.89	49%	1,3,3,4,4,4,6,1,2,2	67%	-130	'+100
Johnny Gaudreau	CBJ	'+320	A	pts	0.5	0.96	1.68 - 0.58	0.74 - 1.17	60%	0,2,2,0,1,0,5,2,0,0	78%	-215	'+175
Johnny Gaudreau	CBJ	'+320	A	ast	0.5	0.7	1.24 - 0.42	0.65 - 0.75	49%	0,1,2,0,1,0,3,2,0,0	62%	-120	-110
Johnny Gaudreau	CBJ	'+320	A	g	0.5	0.26	0.44 - 0.16	0.09 - 0.42	23%	0,1,0,0,0,0,2,0,0,0	36%	'+225	0
Jonah Gadjovich	SJ	'+155	H	g	0.5	0.09	0.15 - 0.04	0.1 - 0.07	9%	0,0,1,0,0,0,0,0,0,0	2%	'+700	0
Jonas Rondbjerg	VGK	'+100	H	g	0.5	0.0	0.0 - 0.0	0.0 - 0.0	0%	0,0,0,0,0,0,0,0,0,0	7%	'+450	0
Jonatan Berggren	DET	'+155	H	g	0.5	0.21	0.3 - 0.17	0.2 - 0.22	19%	0,0,0,0,0,0,0,0,0,0	0%	'+350	0
Jonathan Drouin	MTL	'+145	A	pts	0.5	0.56	0.94 - 0.29	0.41 - 0.74	42%	1,0,0,1,1,2,1,0,0,1	44%	'+135	-165
Jonathan Drouin	MTL	'+145	A	ast	0.5	0.52	0.9 - 0.27	0.37 - 0.7	40%	1,0,0,0,1,2,1,0,0,1	31%	'+205	-255
Jonathan Drouin	MTL	'+145	A	g	0.5	0.04	0.04 - 0.03	0.04 - 0.04	4%	0,0,0,1,0,0,0,0,0,0	19%	'+340	0
Jonathan Huberdeau	CGY	-135	H	pts	0.5	0.69	0.99 - 0.41	0.75 - 0.63	55%	1,1,1,1,0,1,1,2,0,0	80%	-115	-115
Jonathan Huberdeau	CGY	-135	H	ast	0.5	0.49	0.78 - 0.24	0.56 - 0.43	38%	1,1,1,1,0,1,0,1,0,0	66%	'+155	-190
Jonathan Huberdeau	CGY	-135	H	g	0.5	0.2	0.22 - 0.17	0.19 - 0.2	20%	0,0,0,0,0,0,1,1,0,0	30%	'+240	0
Jonathan Marchessault	VGK	'+100	H	sog	2.5	3.13	3.19 - 3.01	3.03 - 3.24	64%	2,5,2,3,0,4,2,1,1,5	60%	-135	'+105
Jonathan Marchessault	VGK	'+100	H	pts	0.5	0.78	1.06 - 0.37	0.85 - 0.71	58%	2,1,0,1,0,3,1,1,1,0	57%	-125	-105
Jonathan Marchessault	VGK	'+100	H	ast	0.5	0.42	0.61 - 0.15	0.45 - 0.38	36%	1,0,0,1,0,2,0,0,1,0	35%	'+190	-235
Jonathan Marchessault	VGK	'+100	H	g	0.5	0.36	0.46 - 0.21	0.39 - 0.32	30%	1,1,0,0,0,1,1,1,0,0	35%	'+160	0
Jordan Gross	NSH	'+250	A	g	0.5	0.2	0.62 - 0.0	0.22 - 0.17	13%	0,0,0,0,0,1,0,0,0,0	0%	'+800	0
Jordan Harris	MTL	'+145	A	g	0.5	0.06	0.1 - 0.03	0.06 - 0.06	5%	1,0,0,0,0,0,0,0,0,0	10%	'+850	0
Jordan Kyrou	STL	-115	H	sog	3.5	3.46	3.75 - 3.25	3.71 - 3.22	44%	6,1,1,1,3,3,3,4,5,5	30%	'+135	-165
Jordan Kyrou	STL	-115	H	pts	0.5	0.96	1.35 - 0.63	1.06 - 0.86	59%	2,0,1,0,0,1,1,2,3,0	65%	-165	'+135
Jordan Kyrou	STL	-115	H	ast	0.5	0.49	0.61 - 0.36	0.41 - 0.56	40%	0,0,1,0,0,0,1,1,0,0	43%	'+150	-185
Jordan Kyrou	STL	-115	H	g	0.5	0.47	0.74 - 0.26	0.65 - 0.31	36%	2,0,0,0,0,1,0,1,3,0	33%	'+125	0
Jordan Martinook	CAR	-140	H	g	0.5	0.15	0.2 - 0.04	0.2 - 0.11	12%	0,0,0,0,0,0,0,0,0,0	10%	'+400	0
Jordan Oesterle	DET	'+155	H	g	0.5	0.04	0.05 - 0.04	0.04 - 0.04	4%	0,0,0,0,0,0,0,0,0,0	5%	'+900	0
Jordan Staal	CAR	-140	H	g	0.5	0.24	0.26 - 0.17	0.26 - 0.22	24%	0,1,0,0,0,0,0,0,0,0	15%	'+300	0
Josh Anderson	MTL	'+145	A	g	0.5	0.3	0.47 - 0.19	0.29 - 0.32	30%	0,0,0,1,1,0,1,0,0,0	20%	'+215	0
Josh Archibald	PIT	-180	A	g	0.5	0.09	0.05 - 0.09	0.1 - 0.08	9%	0,0,0,0,0,0,0,0,0,1	0%	'+550	0
Josh Leivo	STL	-115	H	g	0.5	0.09	0.13 - 0.03	0.08 - 0.1	9%	0,0,0,0,0,0,0,0,0,0	14%	'+350	0
Josh Morrissey	WPG	-180	A	sog	2.5	2.17	2.04 - 2.17	1.89 - 2.44	31%	1,4,2,3,2,4,0,5,1,6	46%	'+115	-145
Josh Morrissey	WPG	-180	A	pts	0.5	0.94	1.28 - 0.54	0.78 - 1.11	64%	0,0,0,0,2,0,0,0,1,3	39%	-155	'+125
Josh Morrissey	WPG	-180	A	ast	0.5	0.74	0.96 - 0.49	0.72 - 0.75	57%	0,0,0,0,2,0,0,0,1,1	27%	-115	-115
Josh Morrissey	WPG	-180	A	bs	1.5	1.54	1.5 - 1.57	1.36 - 1.72	51%	1,2,0,2,1,3,2,0,3,2	0%	-120	-110
Josh Morrissey	WPG	-180	A	g	0.5	0.21	0.32 - 0.06	0.06 - 0.36	15%	0,0,0,0,0,0,0,0,0,2	15%	'+340	0
Jt Miller	VAN	-105	A	sog	2.5	2.75	2.78 - 2.6	2.5 - 3.0	56%	2,1,2,3,4,1,3,3,2,4	45%	-140	'+110
Jt Miller	VAN	-105	A	pts	1.5	1.0	1.23 - 0.73	0.94 - 1.06	29%	1,1,2,3,2,2,0,2,2,2	34%	'+190	-235
Jt Miller	VAN	-105	A	ast	0.5	0.6	0.77 - 0.42	0.58 - 0.61	50%	1,1,1,1,1,2,0,1,1,0	62%	-120	-110
Jt Miller	VAN	-105	A	g	0.5	0.4	0.46 - 0.31	0.36 - 0.44	35%	0,0,1,2,1,0,0,1,1,2	34%	'+185	0
Jujhar Khaira	CHI	'+235	H	g	0.5	0.09	0.1 - 0.08	0.05 - 0.13	9%	0,0,0,0,1,0,0,0,0,0	12%	'+650	0
Justin Barron	MTL	'+145	A	g	0.5	0.1	0.19 - 0.0	0.06 - 0.15	10%	0,0,0,0,0,0,0,0,0,0	14%	'+1000	0
Justin Braun	PHI	-170	H	g	0.5	0.0	0.0 - 0.0	0.0 - 0.0	0%	0,0,0,0,0,0,0,0,0,0	7%	'+1300	0
Justin Faulk	STL	-115	H	sog	2.5	2.44	2.33 - 2.47	2.24 - 2.64	47%	2,1,3,2,1,2,0,1,2,4	43%	'+115	-145
Justin Faulk	STL	-115	H	pts	0.5	0.53	0.51 - 0.56	0.51 - 0.56	42%	2,2,0,0,1,0,1,0,0,0	47%	'+130	-160
Justin Faulk	STL	-115	H	ast	0.5	0.41	0.39 - 0.44	0.35 - 0.47	34%	1,2,0,0,1,0,1,0,0,0	40%	'+190	-235
Justin Faulk	STL	-115	H	bs	1.5	1.63	1.79 - 1.41	1.54 - 1.72	51%	1,0,1,4,4,1,0,1,0,3	0%	-110	-120
Justin Faulk	STL	-115	H	g	0.5	0.12	0.12 - 0.12	0.16 - 0.08	11%	1,0,0,0,0,0,0,0,0,0	19%	'+500	0
Juuso Parssinen	NSH	'+250	A	g	0.5	0.12	0.17 - 0.04	0.05 - 0.17	10%	0,0,0,0,0,0,0,0,0,0	0%	'+425	0
Kaapo Kakko	NYR	-390	H	g	0.5	0.19	0.27 - 0.1	0.22 - 0.16	19%	1,0,1,0,0,0,0,0,0,0	12%	'+260	0
Kailer Yamamoto	EDM	-120	A	pts	0.5	0.44	0.65 - 0.17	0.36 - 0.5	36%	1,1,0,2,1,0,0,0,0,0	39%	'+130	-160
Kailer Yamamoto	EDM	-120	A	ast	0.5	0.24	0.37 - 0.09	0.23 - 0.25	22%	1,1,0,1,0,0,0,0,0,0	28%	'+270	-350
Kailer Yamamoto	EDM	-120	A	g	0.5	0.2	0.29 - 0.08	0.14 - 0.25	18%	0,0,0,1,1,0,0,0,0,0	24%	'+235	0
Kandre Miller	NYR	-390	H	pts	0.5	0.51	0.74 - 0.15	0.35 - 0.67	37%	0,0,0,4,2,0,1,0,1,0	25%	'+130	-160
Kandre Miller	NYR	-390	H	ast	0.5	0.4	0.56 - 0.15	0.29 - 0.5	33%	0,0,0,2,2,0,1,0,1,0	16%	'+165	-205
Kandre Miller	NYR	-390	H	g	0.5	0.11	0.19 - 0.0	0.06 - 0.17	10%	0,0,0,2,0,0,0,0,0,0	9%	'+450	0
Karson Kuhlman	WPG	-180	A	g	0.5	0.07	0.11 - 0.0	0.12 - 0.0	7%	0,0,0,0,0,0,0,0,0,0	7%	'+475	0
Kasperi Kapanen	STL	-115	H	pts	0.5	0.53	0.81 - 0.31	0.48 - 0.57	37%	1,3,0,0,2,1,0,0,0,1	31%	'+115	-145
Kasperi Kapanen	STL	-115	H	ast	0.5	0.28	0.41 - 0.2	0.21 - 0.36	25%	0,1,0,0,1,0,0,0,0,1	21%	'+260	-335
Kasperi Kapanen	STL	-115	H	g	0.5	0.25	0.4 - 0.1	0.28 - 0.21	19%	1,2,0,0,1,1,0,0,0,0	12%	'+285	0
Keegan Kolesar	VGK	'+100	H	g	0.5	0.11	0.09 - 0.1	0.16 - 0.06	11%	0,0,1,0,0,0,0,0,0,0	7%	'+600	0
Kent Johnson	CBJ	'+320	A	pts	0.5	0.54	1.09 - 0.3	0.5 - 0.57	45%	1,1,2,0,1,0,1,1,2,0	33%	'+120	-150
Kent Johnson	CBJ	'+320	A	ast	0.5	0.32	0.74 - 0.17	0.29 - 0.34	26%	1,0,2,0,1,0,0,1,2,0	33%	'+235	-300
Kent Johnson	CBJ	'+320	A	g	0.5	0.22	0.36 - 0.13	0.21 - 0.23	22%	0,1,0,0,0,0,1,0,0,0	0%	'+330	0
Kevin Fiala	LA	'+115	A	sog	2.5	3.03	3.16 - 2.6	2.54 - 3.56	58%	3,1,3,3,4,1,2,2,3,3	63%	-125	-105
Kevin Fiala	LA	'+115	A	pts	0.5	1.04	1.34 - 0.6	1.0 - 1.09	58%	2,1,1,2,0,1,0,0,2,0	61%	-160	'+130
Kevin Fiala	LA	'+115	A	ast	0.5	0.72	0.93 - 0.44	0.71 - 0.72	48%	2,1,1,1,0,1,0,0,2,0	44%	'+120	-150
Kevin Fiala	LA	'+115	A	g	0.5	0.33	0.42 - 0.16	0.29 - 0.38	27%	0,0,0,1,0,0,0,0,0,0	28%	'+185	0
Kevin Hayes	PHI	-170	H	sog	2.5	2.65	2.77 - 2.35	2.29 - 3.0	46%	1,2,1,3,2,5,3,0,2,4	51%	-120	-110
Kevin Hayes	PHI	-170	H	pts	0.5	0.72	1.02 - 0.48	0.6 - 0.83	51%	0,0,0,0,2,0,0,0,0,0	51%	-110	-120
Kevin Hayes	PHI	-170	H	ast	0.5	0.48	0.7 - 0.31	0.49 - 0.47	37%	0,0,0,0,2,0,0,0,0,0	38%	'+175	-215
Kevin Hayes	PHI	-170	H	g	0.5	0.24	0.32 - 0.17	0.11 - 0.36	18%	0,0,0,0,0,0,0,0,0,0	19%	'+185	0
Kevin Labanc	SJ	'+155	H	g	0.5	0.19	0.14 - 0.19	0.13 - 0.24	19%	0,0,0,1,0,1,0,0,0,0	14%	'+350	0
Kevin Rooney	CGY	-135	H	g	0.5	0.0	0.0 - 0.0	0.0 - 0.0	0%	0,0,0,0,0,0,0,0,0,0	7%	'+600	0
Kevin Stenlund	WPG	-180	A	g	0.5	0.11	0.08 - 0.09	0.08 - 0.14	9%	0,0,0,0,0,0,0,0,0,0	0%	'+475	0
Kiefer Sherwood	NSH	'+250	A	g	0.5	0.18	0.36 - 0.0	0.08 - 0.33	18%	0,0,1,0,0,0,0,1,1,0	11%	'+425	0
Kieffer Bellows	PHI	-170	H	g	0.5	0.13	0.41 - 0.08	0.17 - 0.09	13%	1,0,0,1,0,0,0,0,0,0	14%	'+360	0
Kirby Dach	MTL	'+145	A	sog	1.5	1.84	1.84 - 1.74	2.22 - 1.52	53%	3,0,3,2,1,1,1,3,3,1	52%	-160	'+130
Kirby Dach	MTL	'+145	A	pts	0.5	0.66	0.87 - 0.46	0.52 - 0.77	50%	0,0,2,1,0,1,1,1,0,1	31%	-130	'+100
Kirby Dach	MTL	'+145	A	ast	0.5	0.41	0.55 - 0.3	0.37 - 0.45	33%	0,0,1,0,0,1,0,0,0,1	19%	'+150	-185
Kirby Dach	MTL	'+145	A	g	0.5	0.24	0.32 - 0.16	0.15 - 0.32	21%	0,0,1,1,0,0,1,1,0,0	13%	'+180	0
Kirill Marchenko	CBJ	'+320	A	sog	2.5	2.08	2.13 - 1.87	2.17 - 1.95	33%	4,1,1,4,2,4,4,5,1,0	0%	-105	-125
Kirill Marchenko	CBJ	'+320	A	pts	0.5	0.45	0.64 - 0.34	0.52 - 0.35	33%	1,0,0,2,0,1,0,0,0,1	0%	'+105	-135
Kirill Marchenko	CBJ	'+320	A	ast	0.5	0.06	0.05 - 0.05	0.1 - 0.0	6%	0,0,0,1,0,0,0,0,0,1	0%	'+300	-400
Kirill Marchenko	CBJ	'+320	A	g	0.5	0.39	0.59 - 0.29	0.41 - 0.35	31%	1,0,0,1,0,1,0,0,0,0	0%	'+235	0
Klim Kostin	EDM	-120	A	g	0.5	0.2	0.21 - 0.07	0.32 - 0.11	16%	0,0,0,0,0,0,0,0,0,1	8%	'+340	0
Kris Letang	PIT	-180	A	sog	2.5	2.47	2.34 - 2.42	1.97 - 3.04	49%	4,3,3,5,3,1,4,3,5,5	55%	-155	'+125
Kris Letang	PIT	-180	A	pts	0.5	0.62	0.81 - 0.45	0.41 - 0.85	42%	0,0,0,0,0,0,3,1,1,0	58%	-175	'+140
Kris Letang	PIT	-180	A	ast	0.5	0.44	0.6 - 0.31	0.31 - 0.58	33%	0,0,0,0,0,0,2,0,1,0	51%	-110	-120
Kris Letang	PIT	-180	A	g	0.5	0.18	0.21 - 0.15	0.1 - 0.27	15%	0,0,0,0,0,0,1,1,0,0	12%	'+370	0
Kyle Burroughs	VAN	-105	A	g	0.5	0.05	0.04 - 0.05	0.09 - 0.0	5%	0,0,0,0,0,0,0,0,0,0	2%	'+900	0
Kyle Connor	WPG	-180	A	sog	2.5	3.39	3.23 - 3.25	3.0 - 3.81	61%	2,4,1,2,2,6,1,2,3,6	71%	-160	'+130
Kyle Connor	WPG	-180	A	pts	0.5	1.01	1.47 - 0.43	0.89 - 1.14	66%	1,1,0,0,0,0,0,0,3,1	72%	-235	'+190
Kyle Connor	WPG	-180	A	ast	0.5	0.64	0.9 - 0.28	0.55 - 0.72	50%	1,0,0,0,0,0,0,0,3,1	42%	-115	-115
Kyle Connor	WPG	-180	A	g	0.5	0.38	0.57 - 0.15	0.34 - 0.42	30%	0,1,0,0,0,0,0,0,0,0	52%	'+115	0
Lane Pederson	CBJ	'+320	A	g	0.5	0.14	0.0 - 0.18	0.2 - 0.0	14%	1,0,0,0,0,0,0,0,1,0	0%	'+550	0
Leon Draisaitl	EDM	-120	A	sog	2.5	3.1	3.16 - 2.75	3.37 - 2.84	65%	1,4,3,7,2,2,6,4,3,2	62%	-160	'+130
Leon Draisaitl	EDM	-120	A	pts	1.5	1.58	2.04 - 0.88	1.37 - 1.78	46%	2,2,4,2,3,1,2,1,1,0	45%	'+105	-135
Leon Draisaitl	EDM	-120	A	ast	0.5	0.94	1.27 - 0.43	0.69 - 1.19	61%	1,1,4,2,3,1,0,0,1,0	58%	-175	'+140
Leon Draisaitl	EDM	-120	A	g	0.5	0.64	0.77 - 0.46	0.69 - 0.59	54%	1,1,0,0,0,0,2,1,0,0	47%	'+105	0
Liam Foudy	CBJ	'+320	A	g	0.5	0.12	0.13 - 0.08	0.17 - 0.04	12%	0,1,0,1,0,0,1,0,1,0	0%	'+550	0
Logan Brown	STL	-115	H	g	0.5	0.04	0.14 - 0.0	0.08 - 0.0	4%	0,0,0,0,0,0,1,0,0,0	11%	'+600	0
Logan Couture	SJ	'+155	H	sog	2.5	2.41	2.34 - 2.44	2.14 - 2.69	42%	3,3,2,3,4,2,5,1,2,2	48%	-130	'+100
Logan Couture	SJ	'+155	H	pts	0.5	0.84	1.56 - 0.6	0.86 - 0.81	59%	1,0,1,1,0,3,2,0,0,2	58%	-185	'+150
Logan Couture	SJ	'+155	H	ast	0.5	0.49	0.89 - 0.36	0.57 - 0.42	44%	0,0,1,1,0,2,1,0,0,1	38%	'+100	-130
Logan Couture	SJ	'+155	H	g	0.5	0.34	0.68 - 0.24	0.3 - 0.39	32%	1,0,0,0,0,1,1,0,0,1	28%	'+185	0
Logan Stanley	WPG	-180	A	g	0.5	0.06	0.0 - 0.11	0.0 - 0.12	6%	0,0,1,0,0,0,0,0,0,0	2%	'+1100	0
Lucas Raymond	DET	'+155	H	sog	2.5	1.89	1.76 - 1.85	1.42 - 2.33	30%	5,3,2,0,2,3,0,3,5,2	36%	'+125	-155
Lucas Raymond	DET	'+155	H	pts	0.5	0.61	0.98 - 0.35	0.42 - 0.79	44%	0,1,0,1,0,1,2,0,1,0	50%	-115	-115
Lucas Raymond	DET	'+155	H	ast	0.5	0.36	0.59 - 0.21	0.32 - 0.39	25%	0,1,0,1,0,1,2,0,0,0	35%	'+170	-210
Lucas Raymond	DET	'+155	H	g	0.5	0.25	0.38 - 0.14	0.1 - 0.39	23%	0,0,0,0,0,0,0,0,1,0	20%	'+250	0
Lukas Reichel	CHI	'+235	H	sog	2.5	1.88	2.29 - 1.62	1.56 - 2.25	24%	5,2,2,1,1,3,1,3,2,0	18%	'+155	-190
Lukas Reichel	CHI	'+235	H	g	0.5	0.29	0.52 - 0.16	0.22 - 0.38	29%	1,1,0,0,0,1,0,0,0,0	0%	'+350	0
Luke Evangelista	NSH	'+250	A	sog	2.5	2.5	2.06 - 2.62	2.86 - 2.14	43%	4,1,3,7,1,2,3,0,1,3	0%	'+135	-165
Luke Evangelista	NSH	'+250	A	pts	0.5	0.64	0.88 - 0.5	1.14 - 0.14	36%	0,0,0,4,0,1,0,0,0,1	0%	'+140	-175
Luke Evangelista	NSH	'+250	A	ast	0.5	0.29	0.54 - 0.1	0.57 - 0.0	21%	0,0,0,2,0,0,0,0,0,1	0%	'+280	-360
Luke Evangelista	NSH	'+250	A	g	0.5	0.36	0.34 - 0.4	0.57 - 0.14	21%	0,0,0,2,0,1,0,0,0,0	0%	'+300	0
Luke Glendening	DAL	-280	A	g	0.5	0.03	0.02 - 0.03	0.06 - 0.0	3%	0,0,0,0,0,0,0,0,0,0	9%	'+600	0
Mackenzie Entwistle	CHI	'+235	H	g	0.5	0.05	0.04 - 0.06	0.0 - 0.1	5%	0,0,0,0,0,0,1,0,0,0	8%	'+425	0
Mackenzie Weegar	CGY	-135	H	sog	2.5	1.85	1.76 - 1.73	1.89 - 1.81	32%	4,4,1,0,1,2,2,4,1,4	37%	'+140	-175
Mackenzie Weegar	CGY	-135	H	pts	0.5	0.36	0.53 - 0.19	0.3 - 0.42	26%	1,1,0,0,3,2,0,0,0,0	41%	'+155	-190
Mackenzie Weegar	CGY	-135	H	ast	0.5	0.3	0.45 - 0.16	0.27 - 0.33	25%	0,1,0,0,2,1,0,0,0,0	35%	'+210	-265
Mackenzie Weegar	CGY	-135	H	g	0.5	0.05	0.08 - 0.02	0.03 - 0.08	5%	1,0,0,0,1,1,0,0,0,0	9%	'+500	0
Marc-Edouard Vlasic	SJ	'+155	H	g	0.5	0.01	0.06 - 0.0	0.03 - 0.0	1%	0,0,0,0,0,0,0,0,0,0	4%	'+1600	0
Marcus Bjork	CBJ	'+320	A	g	0.5	0.11	0.0 - 0.17	0.17 - 0.07	11%	0,0,0,0,0,0,0,1,0,0	0%	'+700	0
Marcus Pettersson	PIT	-180	A	g	0.5	0.01	0.03 - 0.0	0.03 - 0.0	1%	0,0,0,0,0,0,0,0,0,0	3%	'+1100	0
Mario Ferraro	SJ	'+155	H	bs	1.5	1.97	2.06 - 1.88	2.03 - 1.91	62%	1,3,1,1,1,2,4,2,2,0	0%	-190	'+155
Mario Ferraro	SJ	'+155	H	g	0.5	0.05	0.06 - 0.05	0.06 - 0.03	5%	0,0,0,0,0,0,0,0,0,0	4%	'+900	0
Mark Jankowski	NSH	'+250	A	g	0.5	0.12	0.13 - 0.09	0.12 - 0.12	12%	0,0,0,0,0,0,0,0,0,0	12%	'+600	0
Mark Scheifele	WPG	-180	A	pts	0.5	0.82	1.13 - 0.42	0.74 - 0.92	51%	0,0,0,0,1,0,0,1,2,0	63%	-150	'+120
Mark Scheifele	WPG	-180	A	ast	0.5	0.31	0.4 - 0.18	0.24 - 0.39	23%	0,0,0,0,1,0,0,1,0,0	49%	'+185	-230
Mark Scheifele	WPG	-180	A	g	0.5	0.51	0.73 - 0.24	0.5 - 0.53	34%	0,0,0,0,0,0,0,0,2,0	35%	'+105	0
Markus Niemelainen	EDM	-120	A	g	0.5	0.0	0.0 - 0.0	0.0 - 0.0	0%	0,0,0,0,0,0,0,0,0,0	0%	'+1100	0
Martin Kaut	SJ	'+155	H	g	0.5	0.09	0.04 - 0.09	0.12 - 0.06	9%	1,0,0,0,0,1,0,0,0,0	0%	'+425	0
Martin Necas	CAR	-140	H	sog	2.5	3.0	3.1 - 2.63	3.2 - 2.81	57%	2,2,2,3,5,2,1,1,4,2	37%	-125	-105
Martin Necas	CAR	-140	H	pts	0.5	0.94	1.18 - 0.53	0.74 - 1.14	64%	1,2,1,0,2,1,1,0,0,1	38%	-205	'+165
Martin Necas	CAR	-140	H	ast	0.5	0.57	0.75 - 0.27	0.31 - 0.81	43%	1,2,1,0,1,0,1,0,0,1	29%	-115	-115
Martin Necas	CAR	-140	H	g	0.5	0.38	0.43 - 0.26	0.43 - 0.32	36%	0,0,0,0,1,1,0,0,0,0	15%	'+180	0
Mathieu Olivier	CBJ	'+320	A	g	0.5	0.08	0.07 - 0.06	0.06 - 0.09	8%	0,0,0,0,0,0,0,0,0,0	0%	'+650	0
Matt Benning	SJ	'+155	H	bs	1.5	1.66	1.61 - 1.55	1.91 - 1.4	47%	4,2,2,0,2,1,0,1,6,5	0%	-150	'+120
Matt Benning	SJ	'+155	H	g	0.5	0.01	0.0 - 0.02	0.0 - 0.03	1%	0,0,0,0,0,0,0,0,0,0	0%	'+1100	0
Matt Duchene	NSH	'+250	A	g	0.5	0.31	0.5 - 0.14	0.25 - 0.37	28%	0,1,0,2,0,0,0,0,0,0	39%	'+220	0
Matt Grzelcyk	BOS	-300	H	g	0.5	0.06	0.06 - 0.05	0.06 - 0.06	6%	0,0,0,0,0,0,0,0,1,0	6%	'+700	0
Matt Roy	LA	'+115	A	bs	1.5	1.9	1.9 - 1.69	1.97 - 1.84	63%	2,3,5,2,2,2,3,4,1,0	0%	-175	'+140
Matt Roy	LA	'+115	A	g	0.5	0.12	0.18 - 0.03	0.2 - 0.05	11%	0,0,0,0,0,0,0,0,0,0	3%	'+700	0
Matthew Highmore	STL	-115	H	g	0.5	0.0	0 - 0.0	0.0 - 0	0%	0,0	0%	'+500	0
Mattias Ekholm	EDM	-120	A	g	0.5	0.23	0.19 - 0.31	0.17 - 0.29	15%	0,0,0,0,0,0,2,2,0,0	0%	'+550	0
Mattias Janmark	EDM	-120	A	g	0.5	0.14	0.16 - 0.08	0.2 - 0.07	10%	0,0,0,0,0,2,0,0,0,0	11%	'+450	0
Max Domi	DAL	-280	A	sog	1.5	2.31	2.77 - 1.81	2.31 - 2.31	69%	0,2,0,2,2,2,3,0,4,4	52%	-175	'+140
Max Domi	DAL	-280	A	pts	0.5	0.75	1.06 - 0.51	0.74 - 0.75	51%	0,1,0,0,0,0,0,1,1,1	37%	-110	-120
Max Domi	DAL	-280	A	ast	0.5	0.48	0.67 - 0.34	0.51 - 0.44	39%	0,1,0,0,0,0,0,1,1,0	29%	'+175	-215
Max Domi	DAL	-280	A	g	0.5	0.27	0.39 - 0.17	0.23 - 0.31	23%	0,0,0,0,0,0,0,0,0,1	15%	'+225	0
Max Willman	PHI	-170	H	g	0.5	0.0	0.0 - 0.0	0.0 - 0.0	0%	0,0,0,0,0,0,0,0,0	11%	'+400	0
Michael Amadio	VGK	'+100	H	g	0.5	0.2	0.23 - 0.07	0.17 - 0.23	20%	0,1,0,0,0,0,1,0,0,0	19%	'+330	0
Michael Pezzetta	MTL	'+145	A	g	0.5	0.11	0.0 - 0.16	0.14 - 0.07	11%	0,0,0,0,0,1,0,0,0,0	9%	'+550	0
Michael Stone	CGY	-135	H	g	0.5	0.11	0.15 - 0.09	0.19 - 0.04	11%	0,0,0,0,0,1,0,0,0,0	20%	'+750	0
Mika Zibanejad	NYR	-390	H	sog	2.5	3.19	3.18 - 3.01	2.97 - 3.41	63%	4,1,2,3,2,1,5,0,1,3	47%	-175	'+140
Mika Zibanejad	NYR	-390	H	pts	0.5	1.08	1.56 - 0.46	1.03 - 1.14	66%	0,2,0,2,3,2,2,0,1,0	67%	-230	'+185
Mika Zibanejad	NYR	-390	H	ast	0.5	0.58	0.81 - 0.29	0.58 - 0.57	45%	0,2,0,1,2,1,0,0,1,0	51%	-105	-125
Mika Zibanejad	NYR	-390	H	g	0.5	0.51	0.75 - 0.18	0.44 - 0.57	38%	0,0,0,1,1,1,2,0,0,0	33%	-110	0
Mikael Backlund	CGY	-135	H	sog	3.5	3.24	3.16 - 3.21	3.24 - 3.25	46%	3,3,3,2,3,4,2,2,5,4	28%	'+135	-165
Mikael Backlund	CGY	-135	H	pts	0.5	0.65	0.7 - 0.59	0.71 - 0.58	50%	0,0,2,1,0,1,1,2,1,0	37%	-155	'+125
Mikael Backlund	CGY	-135	H	ast	0.5	0.43	0.52 - 0.35	0.45 - 0.42	34%	0,0,2,1,0,0,0,2,0,0	27%	'+120	-150
Mikael Backlund	CGY	-135	H	g	0.5	0.22	0.18 - 0.24	0.26 - 0.17	20%	0,0,0,0,0,1,1,0,1,0	16%	'+200	0
Mikael Granlund	PIT	-180	A	pts	0.5	0.56	0.85 - 0.25	0.5 - 0.61	43%	1,0,0,0,0,0,0,0,2,0	55%	'+120	-150
Mikael Granlund	PIT	-180	A	ast	0.5	0.41	0.55 - 0.25	0.38 - 0.44	36%	1,0,0,0,0,0,0,0,1,0	45%	'+210	-265
Mikael Granlund	PIT	-180	A	g	0.5	0.14	0.3 - 0.0	0.12 - 0.17	13%	0,0,0,0,0,0,0,0,1,0	12%	'+275	0
Mike Hardman	CHI	'+235	H	g	0.5	0.0	0.0 - 0.0	0.0 - 0.0	0%	0,0,0,0,0,0,0	0%	'+900	0
Mike Hoffman	MTL	'+145	A	sog	2.5	2.32	2.34 - 2.15	2.14 - 2.48	42%	4,2,1,1,6,3,2,2,0,5	29%	'+115	-145
Mike Hoffman	MTL	'+145	A	pts	0.5	0.53	0.82 - 0.33	0.45 - 0.61	40%	0,3,0,0,2,0,1,0,0,0	44%	'+120	-150
Mike Hoffman	MTL	'+145	A	ast	0.5	0.32	0.47 - 0.2	0.28 - 0.35	25%	0,2,0,0,1,0,0,0,0,0	26%	'+245	-315
Mike Hoffman	MTL	'+145	A	g	0.5	0.22	0.34 - 0.12	0.17 - 0.26	20%	0,1,0,0,1,0,1,0,0,0	21%	'+205	0
Mike Matheson	MTL	'+145	A	sog	2.5	2.62	2.6 - 2.57	2.65 - 2.6	52%	5,3,5,5,2,3,3,2,2,2	44%	-130	'+100
Mike Matheson	MTL	'+145	A	pts	0.5	0.7	0.96 - 0.52	0.8 - 0.6	57%	1,3,1,1,0,2,1,1,0,0	38%	-125	-105
Mike Matheson	MTL	'+145	A	ast	0.5	0.5	0.73 - 0.34	0.65 - 0.35	45%	1,3,1,0,0,1,1,0,0,0	29%	'+125	-155
Mike Matheson	MTL	'+145	A	g	0.5	0.2	0.22 - 0.18	0.15 - 0.25	20%	0,0,0,1,0,1,0,1,0,0	14%	'+550	0
Mikey Anderson	LA	'+115	A	g	0.5	0.07	0.08 - 0.06	0.03 - 0.11	7%	0,0,1,0,0,0,1,0,1,0	0%	'+1600	0
Mikey Eyssimont	TB	'+120	A	g	0.5	0.1	0.16 - 0.04	0.12 - 0.07	10%	0,0,0,0,0,0,0,0,0,0	0%	'+425	0
Mikhail Sergachev	TB	'+120	A	sog	1.5	1.93	2.13 - 1.73	1.64 - 2.22	62%	4,2,2,1,3,2,3,3,1,3	47%	-155	'+125
Mikhail Sergachev	TB	'+120	A	pts	0.5	0.75	1.06 - 0.37	0.53 - 0.97	50%	0,1,1,0,2,2,1,0,2,2	35%	-110	-120
Mikhail Sergachev	TB	'+120	A	ast	0.5	0.64	0.88 - 0.34	0.47 - 0.81	44%	0,0,1,0,2,2,1,0,2,2	29%	'+120	-150
Mikhail Sergachev	TB	'+120	A	bs	1.5	1.94	1.69 - 2.25	2.36 - 1.53	58%	3,0,1,2,0,1,2,1,0,2	0%	-150	'+120
Mikhail Sergachev	TB	'+120	A	g	0.5	0.11	0.18 - 0.03	0.06 - 0.17	10%	0,1,0,0,0,0,0,0,0,0	9%	'+650	0
Milan Lucic	CGY	-135	H	g	0.5	0.09	0.1 - 0.05	0.11 - 0.06	9%	0,1,0,0,0,0,0,0,0,0	12%	'+500	0
Miro Heiskanen	DAL	-280	A	sog	2.5	2.79	2.63 - 2.82	2.49 - 3.09	64%	3,4,3,3,2,3,3,4,0,1	44%	-155	'+125
Miro Heiskanen	DAL	-280	A	pts	0.5	0.87	1.07 - 0.64	0.91 - 0.83	57%	0,1,2,2,1,2,3,2,2,1	40%	-190	'+155
Miro Heiskanen	DAL	-280	A	ast	0.5	0.71	0.84 - 0.58	0.83 - 0.6	47%	0,1,1,2,1,2,3,1,2,1	36%	-135	'+105
Miro Heiskanen	DAL	-280	A	g	0.5	0.16	0.24 - 0.06	0.09 - 0.23	14%	0,0,1,0,0,0,0,1,0,0	9%	'+425	0
Morgan Barron	WPG	-180	A	g	0.5	0.11	0.16 - 0.03	0.03 - 0.2	11%	0,0,0,0,0,0,0,1,0,0	7%	'+425	0
Morgan Frost	PHI	-170	H	sog	1.5	1.83	1.71 - 1.7	1.65 - 2.0	56%	1,2,2,4,0,1,0,2,5,3	49%	-165	'+135
Morgan Frost	PHI	-170	H	pts	0.5	0.51	0.54 - 0.4	0.41 - 0.59	37%	0,1,2,2,0,1,0,0,1,0	28%	'+115	-145
Morgan Frost	PHI	-170	H	ast	0.5	0.31	0.34 - 0.25	0.24 - 0.38	21%	0,1,1,2,0,0,0,0,0,0	21%	'+215	-270
Morgan Frost	PHI	-170	H	g	0.5	0.2	0.2 - 0.15	0.18 - 0.22	18%	0,0,1,0,0,1,0,0,1,0	9%	'+235	0
Moritz Seider	DET	'+155	H	sog	2.5	1.76	1.7 - 1.82	1.47 - 2.06	26%	6,2,2,2,2,4,2,3,0,3	38%	'+140	-175
Moritz Seider	DET	'+155	H	pts	0.5	0.49	0.75 - 0.27	0.44 - 0.53	33%	0,0,0,0,0,0,2,0,1,0	50%	'+105	-135
Moritz Seider	DET	'+155	H	ast	0.5	0.42	0.63 - 0.25	0.39 - 0.44	29%	0,0,0,0,0,0,1,0,1,0	41%	'+155	-190
Moritz Seider	DET	'+155	H	bs	2.5	2.44	2.93 - 2.12	2.11 - 2.78	44%	0,2,1,3,3,2,4,4,3,0	0%	'+145	-180
Moritz Seider	DET	'+155	H	g	0.5	0.07	0.12 - 0.02	0.06 - 0.08	7%	0,0,0,0,0,0,1,0,0,0	9%	'+600	0
Nate Schmidt	WPG	-180	A	g	0.5	0.11	0.1 - 0.1	0.09 - 0.13	11%	0,0,0,0,0,0,0,1,0,0	4%	'+550	0
Nathan Walker	STL	-115	H	g	0.5	0.04	0.09 - 0.0	0.05 - 0.04	4%	0,0,0,0,1,0,0,0,0,0	18%	'+500	0
Nazem Kadri	CGY	-135	H	sog	2.5	3.3	3.26 - 3.21	3.05 - 3.56	68%	4,7,3,0,1,0,4,5,4,1	65%	-160	'+130
Nazem Kadri	CGY	-135	H	pts	0.5	0.68	1.17 - 0.3	0.61 - 0.75	50%	1,1,0,0,0,0,0,2,0,0	68%	'+100	-130
Nazem Kadri	CGY	-135	H	ast	0.5	0.36	0.67 - 0.14	0.34 - 0.39	30%	0,0,0,0,0,0,0,2,0,0	49%	'+220	-280
Nazem Kadri	CGY	-135	H	g	0.5	0.31	0.5 - 0.16	0.26 - 0.36	28%	1,1,0,0,0,0,0,0,0,0	37%	'+180	0
Neal Pionk	WPG	-180	A	bs	1.5	1.57	1.75 - 1.19	1.63 - 1.5	43%	1,0,3,1,1,0,1,3,2,1	0%	'+105	-135
Neal Pionk	WPG	-180	A	g	0.5	0.12	0.12 - 0.12	0.24 - 0.0	11%	0,0,0,0,1,0,0,0,0,0	4%	'+550	0
Nicholas Paul	TB	'+120	A	g	0.5	0.24	0.34 - 0.1	0.17 - 0.31	21%	0,0,0,0,0,0,0,0,0,0	15%	'+300	0
Nick Bjugstad	EDM	-120	A	g	0.5	0.23	0.24 - 0.24	0.25 - 0.2	21%	0,0,0,1,0,0,1,0,0,0	12%	'+340	0
Nick Blankenburg	CBJ	'+320	A	g	0.5	0.11	0.14 - 0.09	0.05 - 0.18	11%	0,0,0,0,1,0,0,0,0,0	14%	'+650	0
Nick Bonino	PIT	-180	A	g	0.5	0.16	0.15 - 0.15	0.16 - 0.16	16%	0,0,0,0,0,1,0,0,0,0	21%	'+340	0
Nick Leddy	STL	-115	H	g	0.5	0.03	0.03 - 0.03	0.0 - 0.06	3%	0,0,0,0,0,0,0,0,0,0	4%	'+1100	0
Nick Perbix	TB	'+120	A	g	0.5	0.07	0.1 - 0.03	0.07 - 0.06	7%	0,0,0,0,0,0,0,0,0,0	0%	'+1000	0
Nick Ritchie	CGY	-135	H	g	0.5	0.18	0.25 - 0.12	0.24 - 0.1	15%	0,0,1,0,1,0,0,0,1,0	18%	'+290	0
Nick Seeler	PHI	-170	H	bs	1.5	1.93	1.93 - 1.77	1.7 - 2.14	58%	2,1,4,2,4,1,3,1,2,2	0%	-125	-105
Nick Seeler	PHI	-170	H	g	0.5	0.06	0.0 - 0.09	0.09 - 0.03	6%	0,0,0,0,0,1,0,0,0,0	2%	'+1100	0
Nick Suzuki	MTL	'+145	A	sog	1.5	1.95	2.08 - 1.82	1.66 - 2.25	57%	2,3,4,1,1,4,1,1,0,1	62%	-175	'+140
Nick Suzuki	MTL	'+145	A	pts	0.5	0.82	1.19 - 0.6	0.76 - 0.89	54%	0,4,2,2,2,0,0,2,0,0	49%	-135	'+105
Nick Suzuki	MTL	'+145	A	ast	0.5	0.51	0.82 - 0.31	0.42 - 0.61	38%	0,3,1,2,2,0,0,2,0,0	40%	'+140	-175
Nick Suzuki	MTL	'+145	A	g	0.5	0.31	0.37 - 0.29	0.34 - 0.28	30%	0,1,1,0,0,0,0,0,0,0	25%	'+180	0
Nico Sturm	SJ	'+155	H	g	0.5	0.22	0.27 - 0.18	0.22 - 0.21	22%	1,0,0,0,0,0,0,0,0,0	7%	'+400	0
Nicolas Deslauriers	PHI	-170	H	g	0.5	0.07	0.08 - 0.08	0.03 - 0.11	7%	0,0,0,0,0,0,0,1,0,0	9%	'+600	0
Nicolas Hague	VGK	'+100	H	g	0.5	0.03	0.04 - 0.0	0.03 - 0.03	3%	0,0,0,0,0,0,0,0,0,0	8%	'+750	0
Nicolas Roy	VGK	'+100	H	pts	0.5	0.48	0.69 - 0.19	0.56 - 0.41	41%	1,1,1,1,0,1,1,0,0,0	36%	'+125	-155
Nicolas Roy	VGK	'+100	H	ast	0.5	0.25	0.33 - 0.14	0.3 - 0.21	21%	0,0,1,0,0,1,0,0,0,0	26%	'+245	-315
Nicolas Roy	VGK	'+100	H	g	0.5	0.23	0.35 - 0.05	0.26 - 0.21	21%	1,1,0,1,0,0,1,0,0,0	20%	'+235	0
Nikita Alexandrov	STL	-115	H	g	0.5	0.11	0.07 - 0.13	0.12 - 0.09	11%	0,0,0,0,0,0,0,0,0,0	0%	'+450	0
Nikita Kucherov	TB	'+120	A	sog	2.5	3.32	3.29 - 3.34	3.0 - 3.65	66%	3,1,2,4,2,2,2,4,6,5	61%	-155	'+125
Nikita Kucherov	TB	'+120	A	pts	1.5	1.36	1.67 - 0.95	1.05 - 1.68	36%	0,2,0,1,2,1,1,0,1,3	43%	'+140	-175
Nikita Kucherov	TB	'+120	A	g	0.5	0.38	0.51 - 0.23	0.35 - 0.41	34%	0,0,0,1,0,0,1,0,0,1	41%	'+205	0
Nikita Zadorov	CGY	-135	H	g	0.5	0.12	0.11 - 0.11	0.13 - 0.11	12%	0,0,0,0,0,0,0,0,0,0	5%	'+450	0
Nikita Zaitsev	CHI	'+235	H	g	0.5	0.08	0.0 - 0.1	0.12 - 0.0	8%	0,0,1,0,0,0,0,0,0,0	0%	'+1500	0
Niko Mikkola	NYR	-390	H	g	0.5	0.0	0.0 - 0.0	0.0 - 0.0	0%	0,0,0,0,0,0,0,0,0,0	0%	'+900	0
Nikolaj Ehlers	WPG	-180	A	sog	2.5	2.89	2.63 - 2.81	3.05 - 2.71	53%	2,3,3,3,3,2,3,2,2,2	58%	-165	'+135
Nikolaj Ehlers	WPG	-180	A	pts	0.5	0.82	1.23 - 0.35	0.9 - 0.71	55%	0,0,1,0,2,0,1,0,3,1	66%	-130	'+100
Nikolaj Ehlers	WPG	-180	A	ast	0.5	0.58	0.91 - 0.22	0.57 - 0.59	45%	0,0,0,0,1,0,0,0,2,1	39%	'+170	-210
Nikolaj Ehlers	WPG	-180	A	g	0.5	0.24	0.31 - 0.13	0.33 - 0.12	24%	0,0,1,0,1,0,1,0,1,0	42%	'+150	0
Nils Aman	VAN	-105	A	g	0.5	0.07	0.09 - 0.04	0.07 - 0.07	7%	0,0,0,0,0,0,0,0,1,0	0%	'+550	0
Nils Lundkvist	DAL	-280	A	g	0.5	0.1	0.16 - 0.04	0.03 - 0.16	10%	0,0,0,0,0,0,0,1,0,0	4%	'+700	0
Nino Niederreiter	WPG	-180	A	pts	0.5	0.51	0.63 - 0.4	0.63 - 0.4	44%	0,1,0,0,0,0,1,1,1,1	45%	-105	-125
Nino Niederreiter	WPG	-180	A	g	0.5	0.31	0.38 - 0.26	0.4 - 0.23	29%	0,0,0,0,0,0,1,1,0,1	29%	'+185	0
Noah Cates	PHI	-170	H	pts	0.5	0.46	0.67 - 0.29	0.57 - 0.35	33%	1,1,2,2,0,0,0,0,0,1	38%	-115	-115
Noah Cates	PHI	-170	H	ast	0.5	0.31	0.43 - 0.21	0.34 - 0.27	25%	1,1,2,1,0,0,0,0,0,0	25%	'+160	-195
Noah Cates	PHI	-170	H	g	0.5	0.15	0.24 - 0.08	0.23 - 0.08	15%	0,0,0,1,0,0,0,0,0,1	25%	'+270	0
Noah Gregor	SJ	'+155	H	g	0.5	0.08	0.36 - 0.0	0.04 - 0.12	8%	0,0,0,0,0,0,0,0,0,0	10%	'+370	0
Noah Hanifin	CGY	-135	H	sog	2.5	2.14	2.1 - 2.02	2.08 - 2.2	41%	0,3,1,1,5,3,1,3,1,0	44%	'+140	-175
Noah Hanifin	CGY	-135	H	pts	0.5	0.47	0.48 - 0.43	0.58 - 0.34	40%	0,0,1,1,1,1,1,1,0,0	41%	'+130	-160
Noah Hanifin	CGY	-135	H	ast	0.5	0.38	0.42 - 0.33	0.45 - 0.31	33%	0,0,1,0,1,1,1,0,0,0	36%	'+180	-220
Noah Hanifin	CGY	-135	H	bs	1.5	1.62	1.64 - 1.51	1.79 - 1.43	51%	1,1,2,1,2,3,0,1,0,2	0%	'+100	-130
Noah Hanifin	CGY	-135	H	g	0.5	0.08	0.06 - 0.1	0.13 - 0.03	7%	0,0,0,1,0,0,0,1,0,0	12%	'+600	0
Noah Juulsen	VAN	-105	A	g	0.5	0.0	0.0 - 0.0	0.0 - 0.0	0%	0,0,0,0,0,0,0,0,0,0	0%	'+900	0
Olli Maatta	DET	'+155	H	g	0.5	0.07	0.09 - 0.05	0.06 - 0.09	7%	0,0,0,0,0,0,0,0,0,0	2%	'+1700	0
Oskar Lindblom	SJ	'+155	H	g	0.5	0.07	0.06 - 0.07	0.08 - 0.06	7%	0,0,0,0,0,0,0,0,0,0	14%	'+450	0
Owen Tippett	PHI	-170	H	sog	3.5	2.91	2.77 - 2.86	3.0 - 2.83	27%	1,3,2,3,7,3,8,3,9,3	21%	'+110	-140
Owen Tippett	PHI	-170	H	pts	0.5	0.6	0.88 - 0.43	0.5 - 0.69	42%	1,0,0,2,3,0,0,0,1,0	30%	-160	'+130
Owen Tippett	PHI	-170	H	ast	0.5	0.28	0.39 - 0.23	0.22 - 0.34	27%	1,0,0,2,0,0,0,0,1,0	18%	'+145	-180
Owen Tippett	PHI	-170	H	g	0.5	0.31	0.5 - 0.21	0.28 - 0.34	25%	0,0,0,0,3,0,0,0,0,0	16%	'+110	0
Pat Maroon	TB	'+120	A	g	0.5	0.04	0.04 - 0.03	0.06 - 0.03	4%	0,0,1,0,0,0,0,0,0,0	14%	'+650	0
Patrice Bergeron	BOS	-300	H	g	0.5	0.38	0.46 - 0.12	0.36 - 0.39	35%	1,0,0,1,1,0,0,0,1,0	31%	'+175	0
Patrick Kane	NYR	-390	H	sog	2.5	3.26	2.97 - 3.29	2.81 - 3.68	59%	5,1,2,0,2,2,6,3,3,3	62%	-160	'+130
Patrick Kane	NYR	-390	H	pts	0.5	0.8	1.37 - 0.45	0.75 - 0.85	52%	1,0,0,0,2,0,2,0,1,2	68%	-185	'+150
Patrick Kane	NYR	-390	H	ast	0.5	0.5	0.79 - 0.31	0.44 - 0.56	39%	0,0,0,0,2,0,1,0,0,1	61%	'+105	-135
Patrick Kane	NYR	-390	H	g	0.5	0.3	0.58 - 0.14	0.31 - 0.29	24%	1,0,0,0,0,0,1,0,1,1	29%	'+130	0
Paul Cotter	VGK	'+100	H	g	0.5	0.25	0.35 - 0.03	0.19 - 0.31	21%	0,1,0,0,0,1,0,0,0,0	33%	'+285	0
Paul Stastny	CAR	-140	H	g	0.5	0.12	0.17 - 0.07	0.1 - 0.15	12%	0,0,0,0,0,0,1,0,0,0	22%	'+450	0
Pavel Buchnevich	STL	-115	H	sog	2.5	2.0	1.82 - 2.04	2.3 - 1.74	28%	2,2,2,2,0,1,4,2,2,2	45%	'+150	-185
Pavel Buchnevich	STL	-115	H	pts	0.5	1.1	1.26 - 0.87	1.15 - 1.06	69%	2,0,0,0,0,1,3,1,1,2	64%	-190	'+155
Pavel Buchnevich	STL	-115	H	ast	0.5	0.69	1.02 - 0.32	0.74 - 0.65	50%	1,0,0,0,0,1,0,1,1,2	51%	-110	-120
Pavel Buchnevich	STL	-115	H	g	0.5	0.41	0.23 - 0.55	0.41 - 0.42	34%	1,0,0,0,0,0,3,0,0,0	29%	'+170	0
Pavel Dorofeyev	VGK	'+100	H	g	0.5	0.5	0.69 - 0.0	0.57 - 0.33	50%	1,0,1,1,0,1,1,0,0,0	0%	'+300	0
Pavel Zacha	BOS	-300	H	pts	0.5	0.67	0.74 - 0.44	0.78 - 0.56	52%	1,0,0,0,0,1,1,1,2,0	42%	-105	-125
Pavel Zacha	BOS	-300	H	ast	0.5	0.42	0.48 - 0.24	0.46 - 0.39	36%	1,0,0,0,0,1,0,0,2,0	27%	'+185	-230
Pavel Zacha	BOS	-300	H	g	0.5	0.25	0.26 - 0.19	0.32 - 0.17	22%	0,0,0,0,0,0,1,1,0,0	20%	'+220	0
Phil Kessel	VGK	'+100	H	g	0.5	0.18	0.18 - 0.15	0.22 - 0.14	18%	0,0,1,1,0,0,0,0,0,0	10%	'+285	0
Philip Broberg	EDM	-120	A	g	0.5	0.0	0.0 - 0.0	0.0 - 0.0	0%	0,0,0,0,0,0,0,0,0,0	4%	'+1100	0
Philip Tomasino	NSH	'+250	A	g	0.5	0.19	0.53 - 0.0	0.3 - 0.09	19%	0,0,0,1,0,0,0,0,1,0	0%	'+320	0
Philipp Kurashev	CHI	'+235	H	g	0.5	0.13	0.24 - 0.06	0.06 - 0.2	13%	0,0,0,0,0,0,0,0,1,0	7%	'+340	0
Philippe Myers	TB	'+120	A	g	0.5	0.09	0.1 - 0.0	0.0 - 0.17	9%	0,1,0,0,0,0,0,0,0,0	4%	'+1000	0
Phillip Danault	LA	'+115	A	pts	0.5	0.73	0.89 - 0.5	0.6 - 0.84	55%	3,1,1,0,1,1,0,2,1,0	56%	-120	-110
Phillip Danault	LA	'+115	A	ast	0.5	0.48	0.59 - 0.33	0.31 - 0.63	37%	3,1,1,0,1,1,0,0,0,0	32%	'+140	-175
Phillip Danault	LA	'+115	A	g	0.5	0.25	0.3 - 0.17	0.29 - 0.21	22%	0,0,0,0,0,0,0,2,1,0	30%	'+300	0
Phillip Di Giuseppe	VAN	-105	A	g	0.5	0.29	0.31 - 0.23	0.18 - 0.4	29%	1,0,1,1,0,0,0,1,0,0	0%	'+400	0
Phillip Tomasino	NSH	'+250	A	sog	1.5	1.76	2.4 - 1.14	2.3 - 1.27	52%	0,2,0,6,2,1,1,0,3,2	0%	-135	'+105
Phillip Tomasino	NSH	'+250	A	pts	0.5	0.76	1.18 - 0.41	0.8 - 0.73	57%	1,2,0,2,0,1,1,1,2,0	0%	'+140	-175
Phillip Tomasino	NSH	'+250	A	ast	0.5	0.57	0.65 - 0.41	0.5 - 0.64	48%	1,2,0,1,0,1,1,1,1,0	0%	'+235	-300
Pierre-Edouard Bellemare	TB	'+120	A	g	0.5	0.06	0.08 - 0.04	0.06 - 0.06	6%	0,0,0,0,0,0,0,0,0,0	9%	'+650	0
Pierre-Luc Dubois	WPG	-180	A	sog	2.5	2.82	3.02 - 2.42	3.0 - 2.62	53%	3,3,5,4,2,0,2,1,2,4	49%	-140	'+110
Pierre-Luc Dubois	WPG	-180	A	pts	0.5	0.88	1.19 - 0.46	0.74 - 1.03	62%	1,1,0,0,1,0,0,0,0,1	58%	-150	'+120
Pierre-Luc Dubois	WPG	-180	A	ast	0.5	0.5	0.79 - 0.14	0.41 - 0.59	36%	0,1,0,0,1,0,0,0,0,0	35%	'+165	-205
Pierre-Luc Dubois	WPG	-180	A	g	0.5	0.38	0.41 - 0.32	0.32 - 0.44	33%	1,0,0,0,0,0,0,0,0,1	35%	'+145	0
Pierre-Olivier Joseph	PIT	-180	A	g	0.5	0.08	0.08 - 0.04	0.12 - 0.03	6%	0,1,0,0,0,0,0,0,0,0	0%	'+650	0
Pius Suter	DET	'+155	H	g	0.5	0.19	0.23 - 0.12	0.25 - 0.12	17%	0,0,0,1,1,0,0,0,0,0	16%	'+500	0
Quinn Hughes	VAN	-105	A	sog	2.5	2.0	1.78 - 2.14	2.03 - 1.97	30%	4,3,1,2,4,2,4,4,2,2	31%	'+140	-175
Quinn Hughes	VAN	-105	A	pts	1.5	1.0	1.08 - 0.92	1.0 - 1.0	29%	1,0,1,2,2,2,0,0,0,1	21%	'+190	-235
Quinn Hughes	VAN	-105	A	ast	0.5	0.93	1.0 - 0.84	0.94 - 0.91	67%	1,0,1,2,2,2,0,0,0,1	61%	-190	'+155
Quinn Hughes	VAN	-105	A	g	0.5	0.07	0.07 - 0.08	0.06 - 0.09	7%	0,0,0,0,0,0,0,0,0,0	11%	'+475	0
Quinton Byfield	LA	'+115	A	pts	0.5	0.48	0.64 - 0.11	0.35 - 0.58	43%	0,0,2,0,1,1,0,1,1,1	17%	'+150	-185
Quinton Byfield	LA	'+115	A	ast	0.5	0.41	0.58 - 0.07	0.3 - 0.5	39%	0,0,2,0,1,0,0,1,1,1	10%	'+240	-305
Quinton Byfield	LA	'+115	A	g	0.5	0.07	0.06 - 0.05	0.05 - 0.08	7%	0,0,0,0,0,1,0,0,0,0	10%	'+285	0
Radek Faksa	DAL	-280	A	g	0.5	0.15	0.21 - 0.07	0.14 - 0.17	12%	0,0,1,0,0,0,0,2,0,1	8%	'+550	0
Radim Simek	SJ	'+155	H	g	0.5	0.03	0.13 - 0.0	0.06 - 0.0	3%	0,0,0,0,0,0,0,0,0,0	3%	'+2500	0
Rafael Harvey-Pinard	MTL	'+145	A	pts	0.5	0.57	0.79 - 0.43	0.43 - 0.69	40%	0,3,0,0,0,1,1,0,0,0	0%	'+140	-175
Rafael Harvey-Pinard	MTL	'+145	A	ast	0.5	0.17	0.31 - 0.06	0.21 - 0.12	17%	0,0,0,0,0,0,1,0,0,0	0%	'+300	-400
Rafael Harvey-Pinard	MTL	'+145	A	g	0.5	0.4	0.48 - 0.37	0.21 - 0.56	27%	0,3,0,0,0,1,0,0,0,0	0%	'+265	0
Rasmus Andersson	CGY	-135	H	pts	0.5	0.69	1.06 - 0.38	0.54 - 0.83	48%	0,0,1,0,3,2,1,2,0,0	45%	-110	-120
Rasmus Andersson	CGY	-135	H	ast	0.5	0.54	0.74 - 0.35	0.4 - 0.67	42%	0,0,0,0,2,2,1,1,0,0	42%	'+120	-150
Rasmus Andersson	CGY	-135	H	bs	1.5	1.73	2.1 - 1.45	1.8 - 1.67	51%	2,1,0,3,2,2,0,4,3,3	0%	-145	'+115
Rasmus Andersson	CGY	-135	H	g	0.5	0.15	0.32 - 0.02	0.14 - 0.17	15%	0,0,1,0,1,0,0,1,0,0	7%	'+450	0
Rasmus Asplund	NSH	'+250	A	g	0.5	0.0	0.0 - 0.0	0.0 - 0.0	0%	0,0,0,0,0,0,0,0,0,0	0%	'+550	0
Rasmus Kupari	LA	'+115	A	g	0.5	0.05	0.07 - 0.0	0.04 - 0.06	5%	0,0,0,0,0,0,0,0,0,0	8%	'+500	0
Rasmus Ristolainen	PHI	-170	H	bs	1.5	2.03	1.97 - 1.91	2.29 - 1.79	66%	2,1,3,2,2,1,1,0,2,2	0%	-105	-125
Rasmus Ristolainen	PHI	-170	H	g	0.5	0.05	0.09 - 0.03	0.0 - 0.09	5%	0,1,0,0,0,0,0,0,0,0	3%	'+1100	0
Reese Johnson	CHI	'+235	H	g	0.5	0.08	0.21 - 0.05	0.12 - 0.04	8%	0,0,0,0,0,0,0,0,0,0	3%	'+800	0
Rem Pitlick	MTL	'+145	A	g	0.5	0.12	0.25 - 0.07	0.15 - 0.1	12%	0,0,0,1,0,0,0,0,0,0	18%	'+450	0
Rickard Rakell	PIT	-180	A	sog	2.5	3.01	2.8 - 3.07	2.73 - 3.31	56%	3,3,0,2,4,3,6,2,4,3	49%	-130	'+100
Rickard Rakell	PIT	-180	A	pts	0.5	0.7	0.8 - 0.58	0.68 - 0.72	55%	1,0,0,1,0,2,1,1,1,0	38%	-155	'+125
Rickard Rakell	PIT	-180	A	ast	0.5	0.36	0.44 - 0.23	0.35 - 0.36	30%	1,0,0,0,0,1,1,0,0,0	19%	'+170	-210
Rickard Rakell	PIT	-180	A	g	0.5	0.34	0.35 - 0.35	0.32 - 0.36	33%	0,0,0,1,0,1,0,1,1,0	24%	'+155	0
Robby Fabbri	DET	'+155	H	g	0.5	0.25	0.43 - 0.06	0.29 - 0.21	25%	0,0,0,0,0,0,0,0,0,0	27%	'+250	0
Robert Bortuzzo	STL	-115	H	g	0.5	0.05	0.0 - 0.08	0.0 - 0.11	5%	0,0,1,0,0,0,0,0,0,0	1%	'+900	0
Robert Hagg	DET	'+155	H	g	0.5	0.03	0.08 - 0.0	0.06 - 0.0	3%	0,0,0,0,0,0,0,0,0,0	2%	'+1700	0
Robert Thomas	STL	-115	H	pts	0.5	0.9	1.16 - 0.66	0.82 - 0.97	62%	2,0,0,0,0,2,1,2,2,1	61%	-190	'+155
Robert Thomas	STL	-115	H	ast	0.5	0.67	0.81 - 0.54	0.59 - 0.74	52%	2,0,0,0,0,2,1,2,1,1	48%	-125	-105
Robert Thomas	STL	-115	H	g	0.5	0.23	0.35 - 0.13	0.24 - 0.23	22%	0,0,0,0,0,0,0,0,1,0	23%	'+250	0
Roman Josi	NSH	'+250	A	g	0.5	0.27	0.42 - 0.14	0.26 - 0.27	25%	0,1,0,0,0,0,0,0,0,0	29%	'+370	0
Roope Hintz	DAL	-280	A	sog	2.5	2.54	2.69 - 2.18	2.84 - 2.26	46%	1,1,3,2,4,0,2,3,3,2	55%	-110	-120
Roope Hintz	DAL	-280	A	pts	0.5	1.03	1.43 - 0.57	0.97 - 1.09	68%	0,1,1,3,0,0,0,2,1,1	54%	-180	'+145
Roope Hintz	DAL	-280	A	ast	0.5	0.52	0.79 - 0.25	0.58 - 0.47	38%	0,0,1,3,0,0,0,1,0,0	32%	'+160	-195
Roope Hintz	DAL	-280	A	g	0.5	0.51	0.64 - 0.33	0.39 - 0.62	37%	0,1,0,0,0,0,0,1,1,1	35%	'+130	0
Ross Colton	TB	'+120	A	g	0.5	0.22	0.26 - 0.18	0.14 - 0.31	22%	0,0,0,0,0,1,0,0,0,0	21%	'+425	0
Ryan Carpenter	NYR	-390	H	g	0.5	0.05	0.13 - 0.0	0.0 - 0.08	5%	0,0,0,0,0,0,0,0,1,0	3%	'+450	0
Ryan Lindgren	NYR	-390	H	g	0.5	0.02	0.02 - 0.0	0.0 - 0.03	2%	0,0,0,0,0,0,0,0,1,0	5%	'+900	0
Ryan Mcdonagh	NSH	'+250	A	bs	2.5	2.23	2.31 - 1.99	2.14 - 2.32	38%	2,2,6,1,0,5,2,1,3,6	0%	'+135	-165
Ryan Mcdonagh	NSH	'+250	A	g	0.5	0.04	0.07 - 0.0	0.07 - 0.0	4%	0,0,0,1,0,0,0,0,0,0	6%	'+1100	0
Ryan Mcleod	EDM	-120	A	g	0.5	0.17	0.26 - 0.03	0.19 - 0.14	17%	0,0,1,0,0,0,0,0,0,0	13%	'+370	0
Ryan Nugent-Hopkins	EDM	-120	A	sog	2.5	2.45	2.37 - 2.38	2.78 - 2.13	41%	1,2,4,7,1,4,2,1,2,4	43%	'+115	-145
Ryan Nugent-Hopkins	EDM	-120	A	pts	1.5	1.23	1.63 - 0.64	1.17 - 1.29	35%	2,1,2,2,1,1,2,2,0,0	20%	'+170	-210
Ryan Nugent-Hopkins	EDM	-120	A	ast	0.5	0.77	1.09 - 0.32	0.69 - 0.84	54%	1,1,0,2,1,1,1,2,0,0	45%	-150	'+120
Ryan Nugent-Hopkins	EDM	-120	A	g	0.5	0.46	0.54 - 0.32	0.47 - 0.45	38%	1,0,2,0,0,0,1,0,0,0	19%	'+190	0
Ryan Poehling	PIT	-180	A	g	0.5	0.14	0.21 - 0.05	0.12 - 0.15	11%	1,0,0,0,0,0,0,0,0,1	14%	'+450	0
Ryan Suter	DAL	-280	A	g	0.5	0.03	0.03 - 0.03	0.03 - 0.03	3%	1,0,0,0,0,0,0,0,1,0	9%	'+700	0
Saku Maenalanen	WPG	-180	A	g	0.5	0.07	0.08 - 0.0	0.06 - 0.07	5%	0,0,0,0,0,0,0,0,0,0	0%	'+425	0
Sammy Blais	STL	-115	H	g	0.5	0.36	0.72 - 0.07	0.5 - 0.25	32%	0,1,1,0,0,2,0,0,1,1	0%	'+330	0
Scott Laughton	PHI	-170	H	pts	0.5	0.6	1.12 - 0.25	0.58 - 0.63	47%	2,1,1,0,1,0,0,0,0,1	33%	'+115	-145
Scott Laughton	PHI	-170	H	ast	0.5	0.34	0.62 - 0.14	0.3 - 0.37	28%	1,0,0,0,1,0,0,0,0,0	22%	'+205	-255
Scott Laughton	PHI	-170	H	g	0.5	0.26	0.5 - 0.12	0.27 - 0.26	26%	1,1,1,0,0,0,0,0,0,1	18%	'+250	0
Sean Durzi	LA	'+115	A	g	0.5	0.11	0.05 - 0.19	0.09 - 0.13	10%	0,0,0,0,0,0,0,1,0,0	6%	'+700	0
Sean Kuraly	CBJ	'+320	A	g	0.5	0.16	0.32 - 0.07	0.11 - 0.21	15%	0,0,0,0,0,0,0,0,0,0	16%	'+425	0
Sean Walker	LA	'+115	A	g	0.5	0.05	0.05 - 0.03	0.03 - 0.07	5%	0,0,0,0,0,0,0,0,0,0	0%	'+700	0
Seth Jarvis	CAR	-140	H	sog	2.5	2.26	2.25 - 2.36	2.09 - 2.43	42%	6,0,1,3,2,4,2,3,0,1	30%	'+140	-175
Seth Jarvis	CAR	-140	H	pts	0.5	0.46	0.67 - 0.14	0.43 - 0.49	36%	0,0,0,0,0,0,1,0,0,0	50%	'+125	-155
Seth Jarvis	CAR	-140	H	ast	0.5	0.28	0.38 - 0.14	0.31 - 0.24	24%	0,0,0,0,0,0,1,0,0,0	33%	'+245	-315
Seth Jarvis	CAR	-140	H	g	0.5	0.18	0.29 - 0.0	0.11 - 0.24	15%	0,0,0,0,0,0,0,0,0,0	21%	'+210	0
Seth Jones	CHI	'+235	H	sog	2.5	2.51	2.63 - 2.35	1.88 - 3.2	46%	2,1,4,0,3,2,3,0,0,2	40%	'+110	-140
Seth Jones	CHI	'+235	H	pts	0.5	0.51	0.8 - 0.34	0.39 - 0.63	38%	1,0,0,0,0,0,0,0,0,0	53%	'+130	-160
Seth Jones	CHI	'+235	H	ast	0.5	0.35	0.59 - 0.22	0.36 - 0.33	27%	1,0,0,0,0,0,0,0,0,0	47%	'+180	-220
Seth Jones	CHI	'+235	H	g	0.5	0.16	0.21 - 0.12	0.03 - 0.3	13%	0,0,0,0,0,0,0,0,0,0	7%	'+650	0
Shayne Gostisbehere	CAR	-140	H	g	0.5	0.15	0.24 - 0.0	0.17 - 0.14	15%	0,0,0,0,0,0,0,0,0,0	0%	'+400	0
Shea Theodore	VGK	'+100	H	sog	2.5	2.57	1.98 - 3.59	2.45 - 2.71	45%	3,1,3,3,2,1,1,0,0,5	42%	-105	-125
Shea Theodore	VGK	'+100	H	pts	0.5	0.77	0.8 - 0.67	0.76 - 0.79	60%	2,1,0,1,0,1,0,0,1,1	51%	-115	-115
Shea Theodore	VGK	'+100	H	ast	0.5	0.62	0.64 - 0.56	0.59 - 0.67	53%	2,1,0,1,0,1,0,0,1,0	39%	'+130	-160
Shea Theodore	VGK	'+100	H	g	0.5	0.15	0.17 - 0.11	0.17 - 0.12	15%	0,0,0,0,0,0,0,0,0,1	15%	'+450	0
Sheldon Dries	VAN	-105	A	g	0.5	0.19	0.16 - 0.19	0.25 - 0.13	19%	0,0,1,0,0,0,0,0,1,0	18%	'+370	0
Sidney Crosby	PIT	-180	A	sog	3.5	3.05	3.47 - 2.66	3.03 - 3.08	38%	4,7,5,2,0,3,1,8,5,4	36%	'+115	-145
Sidney Crosby	PIT	-180	A	pts	1.5	1.16	1.65 - 0.73	1.08 - 1.25	32%	0,1,1,0,0,2,1,2,1,1	40%	'+125	-155
Sidney Crosby	PIT	-180	A	ast	0.5	0.74	1.08 - 0.44	0.76 - 0.72	51%	0,0,0,0,0,2,1,2,0,1	59%	-150	'+120
Sidney Crosby	PIT	-180	A	g	0.5	0.42	0.57 - 0.29	0.32 - 0.53	38%	0,1,1,0,0,0,0,0,1,0	40%	'+130	0
Stefan Noesen	CAR	-140	H	sog	1.5	1.75	1.92 - 1.75	1.79 - 1.71	45%	0,3,1,3,2,2,4,1,3,0	50%	-180	'+145
Stefan Noesen	CAR	-140	H	g	0.5	0.17	0.22 - 0.1	0.12 - 0.23	17%	0,1,0,1,0,0,0,0,0,0	0%	'+340	0
Steven Lorentz	SJ	'+155	H	g	0.5	0.11	0.26 - 0.06	0.17 - 0.06	11%	0,0,1,0,0,0,0,0,0,1	10%	'+600	0
Steven Stamkos	TB	'+120	A	sog	2.5	3.04	3.17 - 2.75	3.08 - 3.0	55%	3,0,3,0,4,4,2,0,2,1	55%	'+120	-150
Steven Stamkos	TB	'+120	A	pts	0.5	1.01	1.18 - 0.8	0.97 - 1.05	70%	0,2,1,1,1,3,0,0,1,0	71%	-150	'+120
Steven Stamkos	TB	'+120	A	g	0.5	0.41	0.47 - 0.32	0.47 - 0.35	33%	0,0,0,0,1,2,0,0,0,0	43%	'+165	0
Tanner Jeannot	TB	'+120	A	g	0.5	0.0	0.0 - 0.0	0.0 - 0.0	0%	0,0,0,0,0,0,0,0,0,0	0%	'+425	0
Tanner Laczynski	PHI	-170	H	g	0.5	0.08	0.14 - 0.04	0.0 - 0.13	8%	0,0,0,0,0,0,0,1,0,0	0%	'+450	0
Taylor Raddysh	CHI	'+235	H	sog	1.5	1.62	1.76 - 1.46	1.38 - 1.86	51%	2,1,2,3,2,0,4,3,2,3	52%	-175	'+140
Taylor Raddysh	CHI	'+235	H	pts	0.5	0.45	0.62 - 0.37	0.38 - 0.53	36%	0,0,0,0,0,0,3,1,1,2	25%	'+115	-145
Taylor Raddysh	CHI	'+235	H	ast	0.5	0.18	0.23 - 0.15	0.14 - 0.22	16%	0,0,0,0,0,0,0,0,1,0	15%	'+235	-300
Taylor Raddysh	CHI	'+235	H	g	0.5	0.27	0.39 - 0.22	0.24 - 0.31	23%	0,0,0,0,0,0,3,1,0,2	15%	'+300	0
Teddy Blueger	VGK	'+100	H	g	0.5	0.17	0.2 - 0.0	0.25 - 0.0	17%	0,0,1,0,0,1,0,0,0,0	0%	'+600	0
Teuvo Teravainen	CAR	-140	H	sog	1.5	2.15	2.19 - 1.86	2.04 - 2.24	58%	1,2,1,2,2,2,1,0,1,1	72%	-190	'+155
Teuvo Teravainen	CAR	-140	H	pts	0.5	0.58	0.69 - 0.4	0.5 - 0.65	47%	0,1,0,1,0,1,0,0,0,0	63%	-120	-110
Teuvo Teravainen	CAR	-140	H	ast	0.5	0.39	0.43 - 0.36	0.46 - 0.32	34%	0,0,0,0,0,1,0,0,0,0	43%	'+155	-190
Teuvo Teravainen	CAR	-140	H	g	0.5	0.19	0.26 - 0.04	0.04 - 0.32	16%	0,1,0,1,0,0,0,0,0,0	26%	'+280	0
Thomas Novak	NSH	'+250	A	pts	0.5	0.83	1.11 - 0.41	1.0 - 0.67	59%	1,0,1,2,0,1,1,1,3,1	19%	'+105	-135
Thomas Novak	NSH	'+250	A	ast	0.5	0.49	0.55 - 0.36	0.5 - 0.48	44%	1,0,1,1,0,1,1,0,1,0	15%	'+195	-240
Thomas Novak	NSH	'+250	A	g	0.5	0.34	0.56 - 0.06	0.5 - 0.19	29%	0,0,0,1,0,0,0,1,2,1	4%	'+275	0
Tim Berni	CBJ	'+320	A	g	0.5	0.02	0.0 - 0.03	0.03 - 0.0	2%	0,0,0,0,0,0,0,0,0,0	0%	'+1200	0
Tomas Hertl	SJ	'+155	H	sog	2.5	2.37	2.48 - 2.27	2.51 - 2.21	40%	1,1,6,3,4,1,5,5,1,5	40%	-115	-115
Tomas Hertl	SJ	'+155	H	pts	0.5	0.81	1.12 - 0.68	0.78 - 0.85	57%	0,1,1,0,0,2,2,1,0,1	53%	-165	'+135
Tomas Hertl	SJ	'+155	H	ast	0.5	0.53	0.71 - 0.45	0.46 - 0.61	41%	0,0,1,0,0,2,1,0,0,0	31%	'+110	-140
Tomas Hertl	SJ	'+155	H	g	0.5	0.29	0.4 - 0.24	0.32 - 0.24	24%	0,1,0,0,0,0,1,1,0,1	31%	'+195	0
Tomas Nosek	BOS	-300	H	g	0.5	0.1	0.13 - 0.0	0.07 - 0.13	10%	0,0,0,0,0,0,1,0,0,0	4%	'+350	0
Tony Deangelo	PHI	-170	H	sog	2.5	2.38	2.6 - 2.24	2.41 - 2.36	43%	0,3,2,2,2,2,2,2,1,2	51%	'+125	-155
Tony Deangelo	PHI	-170	H	pts	0.5	0.6	0.91 - 0.39	0.62 - 0.58	46%	0,2,1,0,2,0,0,0,0,0	56%	'+100	-130
Tony Deangelo	PHI	-170	H	ast	0.5	0.45	0.66 - 0.3	0.38 - 0.5	37%	0,2,1,0,2,0,0,0,0,0	48%	'+155	-190
Tony Deangelo	PHI	-170	H	g	0.5	0.15	0.25 - 0.1	0.24 - 0.08	15%	0,0,0,0,0,0,0,0,0,0	14%	'+310	0
Torey Krug	STL	-115	H	pts	0.5	0.56	0.71 - 0.43	0.48 - 0.65	46%	1,1,0,0,1,3,0,0,1,0	50%	'+155	-190
Torey Krug	STL	-115	H	g	0.5	0.11	0.2 - 0.03	0.03 - 0.22	11%	0,0,0,0,0,0,0,0,1,0	15%	'+500	0
Travis Dermott	VAN	-105	A	g	0.5	0.09	0.0 - 0.1	0.17 - 0.0	9%	0,0,0,0,0,1,0,0,0,0	3%	'+1100	0
Travis Sanheim	PHI	-170	H	g	0.5	0.1	0.16 - 0.07	0.06 - 0.14	8%	0,0,2,0,0,1,0,0,0,0	9%	'+600	0
Trent Frederic	BOS	-300	H	g	0.5	0.23	0.25 - 0.06	0.29 - 0.17	19%	0,0,0,0,0,1,1,1,0,0	11%	'+320	0
Trevor Lewis	CGY	-135	H	g	0.5	0.11	0.15 - 0.08	0.11 - 0.11	11%	0,0,0,0,0,0,0,1,0,0	8%	'+450	0
Trevor Moore	LA	'+115	A	sog	2.5	2.82	2.81 - 2.84	3.39 - 2.33	56%	3,3,2,3,1,4,0,2,3,0	47%	'+120	-150
Trevor Moore	LA	'+115	A	g	0.5	0.18	0.23 - 0.09	0.17 - 0.19	14%	1,0,0,0,0,1,0,0,0,0	19%	'+340	0
Trey Fix-Wolansky	CBJ	'+320	A	g	0.5	0.0	0.0 - 0.0	0.0 - 0.0	0%	0,0,0,0,0	17%	'+425	0
Troy Stecher	CGY	-135	H	g	0.5	0.08	0.15 - 0.0	0.17 - 0.0	8%	0,0,1,0,0,0,0,0,0,0	0%	'+750	0
Ty Dellandrea	DAL	-280	A	g	0.5	0.11	0.13 - 0.08	0.14 - 0.08	11%	0,0,0,0,0,0,0,0,0,0	0%	'+350	0
Ty Smith	PIT	-180	A	g	0.5	0.11	0.0 - 0.14	0.2 - 0.0	11%	0,0,0,0,0,0,1,0,0	8%	'+550	0
Tyler Bertuzzi	BOS	-300	H	g	0.5	0.12	0.12 - 0.14	0.14 - 0.11	12%	0,0,1,0,0,0,0,0,0,0	32%	'+210	0
Tyler Johnson	CHI	'+235	H	sog	2.5	2.13	1.92 - 2.1	2.17 - 2.09	32%	5,2,1,2,6,1,2,4,3,2	12%	'+120	-150
Tyler Johnson	CHI	'+235	H	pts	0.5	0.55	0.85 - 0.33	0.5 - 0.61	45%	0,0,1,0,0,0,1,1,1,0	23%	'+100	-130
Tyler Johnson	CHI	'+235	H	ast	0.5	0.38	0.58 - 0.23	0.38 - 0.39	34%	0,0,1,0,0,0,1,1,1,0	12%	'+180	-220
Tyler Johnson	CHI	'+235	H	g	0.5	0.17	0.26 - 0.1	0.12 - 0.22	15%	0,0,0,0,0,0,0,0,0,0	12%	'+350	0
Tyler Motte	NYR	-390	H	g	0.5	0.2	0.17 - 0.16	0.0 - 0.38	20%	0,0,1,1,0,1,0,0,0,0	0%	'+340	0
Tyler Myers	VAN	-105	A	bs	1.5	1.83	2.38 - 1.28	1.82 - 1.83	52%	1,5,1,5,3,1,4,4,2,2	0%	-145	'+115
Tyler Myers	VAN	-105	A	g	0.5	0.01	0.0 - 0.03	0.03 - 0.0	1%	0,0,0,0,0,0,0,0,0,0	1%	'+1100	0
Tyler Pitlick	STL	-115	H	g	0.5	0.09	0.07 - 0.08	0.12 - 0.07	9%	0,0,0,0,1,0,0,1,0,0	3%	'+600	0
Tyler Seguin	DAL	-280	A	sog	2.5	2.49	2.37 - 2.45	2.58 - 2.42	40%	5,3,1,0,2,1,4,4,8,3	38%	'+140	-175
Tyler Seguin	DAL	-280	A	pts	0.5	0.64	0.77 - 0.42	0.65 - 0.64	48%	1,0,0,1,1,0,3,1,0,1	42%	'+100	-130
Tyler Seguin	DAL	-280	A	ast	0.5	0.39	0.47 - 0.25	0.35 - 0.42	33%	1,0,0,1,1,0,1,1,0,0	26%	'+210	-265
Tyler Seguin	DAL	-280	A	g	0.5	0.25	0.3 - 0.18	0.29 - 0.22	21%	0,0,0,0,0,0,2,0,0,1	25%	'+225	0
Tyler Toffoli	CGY	-135	H	sog	2.5	3.19	3.08 - 3.1	3.03 - 3.36	65%	2,5,5,2,4,4,2,2,8,3	48%	-175	'+140
Tyler Toffoli	CGY	-135	H	pts	0.5	0.91	1.39 - 0.51	1.0 - 0.81	59%	2,0,3,1,1,4,0,1,1,0	44%	-155	'+125
Tyler Toffoli	CGY	-135	H	ast	0.5	0.49	0.74 - 0.27	0.53 - 0.44	41%	0,0,3,0,1,2,0,1,1,0	30%	'+135	-165
Tyler Toffoli	CGY	-135	H	g	0.5	0.42	0.65 - 0.24	0.47 - 0.36	35%	2,0,0,1,0,2,0,0,0,0	21%	'+165	0
Tyler Tucker	STL	-115	H	g	0.5	0.04	0.0 - 0.08	0.0 - 0.05	4%	0,0,0,0,0,0,1,0,0,0	0%	'+900	0
Tyson Barrie	NSH	'+250	A	sog	1.5	1.95	1.74 - 1.99	1.79 - 2.11	55%	6,1,3,1,1,2,2,2,0,1	59%	-175	'+140
Tyson Barrie	NSH	'+250	A	pts	0.5	0.69	0.81 - 0.56	0.63 - 0.76	53%	2,2,1,1,0,1,0,0,0,0	41%	'+140	-175
Tyson Barrie	NSH	'+250	A	ast	0.5	0.52	0.55 - 0.45	0.5 - 0.54	41%	1,1,1,1,0,1,0,0,0,0	37%	'+195	-240
Tyson Barrie	NSH	'+250	A	g	0.5	0.17	0.25 - 0.11	0.13 - 0.22	15%	1,1,0,0,0,0,0,0,0,0	10%	'+800	0
Tyson Foerster	PHI	-170	H	g	0.5	0.38	0.45 - 0.23	0.0 - 0.5	38%	1,1,0,1,0,0,0,0	0%	'+250	0
Vasily Podkolzin	VAN	-105	A	g	0.5	0.1	0.18 - 0.03	0.1 - 0.11	10%	0,1,0,0,0,0,0,0,0,1	18%	'+310	0
Victor Hedman	TB	'+120	A	sog	2.5	2.49	2.35 - 2.5	2.56 - 2.42	45%	5,2,2,1,4,4,5,3,2,1	55%	'+115	-145
Victor Hedman	TB	'+120	A	pts	0.5	0.65	0.69 - 0.53	0.56 - 0.76	49%	1,0,0,0,1,0,0,0,1,0	63%	'+150	-185
Victor Hedman	TB	'+120	A	ast	0.5	0.54	0.57 - 0.43	0.47 - 0.61	39%	0,0,0,0,0,0,0,0,1,0	51%	'+215	-270
Victor Hedman	TB	'+120	A	bs	1.5	1.8	1.71 - 1.92	1.75 - 1.85	55%	3,0,0,5,1,2,2,2,0,2	0%	-155	'+125
Victor Hedman	TB	'+120	A	g	0.5	0.12	0.13 - 0.1	0.08 - 0.15	12%	1,0,0,0,1,0,0,0,0,0	18%	'+550	0
Viktor Arvidsson	LA	'+115	A	sog	3.5	2.96	3.15 - 2.66	2.52 - 3.37	32%	8,3,3,4,4,4,4,8,7,4	47%	'+120	-150
Viktor Arvidsson	LA	'+115	A	pts	0.5	0.78	1.07 - 0.41	0.7 - 0.86	50%	3,2,2,0,1,1,0,0,2,1	60%	-120	-110
Viktor Arvidsson	LA	'+115	A	ast	0.5	0.43	0.55 - 0.27	0.36 - 0.49	32%	1,0,1,0,0,1,0,0,2,1	39%	'+210	-265
Viktor Arvidsson	LA	'+115	A	g	0.5	0.35	0.52 - 0.14	0.33 - 0.37	29%	2,2,1,0,1,0,0,0,0,0	25%	'+195	0
Vincent Desharnais	EDM	-120	A	g	0.5	0.0	0.0 - 0.0	0.0 - 0.0	0%	0,0,0,0,0,0,0,0,0,0	0%	'+1100	0
Vincent Trocheck	NYR	-390	H	sog	2.5	2.82	2.64 - 2.86	2.81 - 2.84	45%	4,1,1,2,1,1,2,3,1,2	40%	-105	-125
Vincent Trocheck	NYR	-390	H	pts	0.5	0.78	1.02 - 0.48	0.69 - 0.86	49%	0,0,0,2,1,2,2,1,0,0	47%	-145	'+115
Vincent Trocheck	NYR	-390	H	ast	0.5	0.52	0.69 - 0.32	0.47 - 0.57	42%	0,0,0,2,1,2,2,1,0,0	30%	'+120	-150
Vincent Trocheck	NYR	-390	H	g	0.5	0.26	0.33 - 0.16	0.22 - 0.3	23%	0,0,0,0,0,0,0,0,0,0	29%	'+180	0
Vitali Kravtsov	VAN	-105	A	g	0.5	0.0	0.0 - 0.0	0.0 - 0.0	0%	0,0,0,0,0,0,0,0,0,0	0%	'+370	0
Vladimir Tarasenko	NYR	-390	H	sog	2.5	2.14	1.37 - 3.14	1.77 - 2.67	41%	0,1,5,1,4,3,1,6,2,3	0%	-105	-125
Vladimir Tarasenko	NYR	-390	H	pts	0.5	0.64	0.71 - 0.45	0.54 - 0.78	50%	0,1,0,0,2,1,1,0,0,0	0%	-130	'+100
Vladimir Tarasenko	NYR	-390	H	ast	0.5	0.41	0.49 - 0.21	0.38 - 0.44	36%	0,1,0,0,1,1,1,0,0,0	0%	'+145	-180
Vladimir Tarasenko	NYR	-390	H	g	0.5	0.23	0.22 - 0.23	0.15 - 0.33	23%	0,0,0,0,1,0,0,0,0,0	0%	'+145	0
Vladislav Gavrikov	LA	'+115	A	g	0.5	0.06	0.15 - 0.0	0.04 - 0.08	6%	0,0,0,0,0,0,0,0,1,0	4%	'+850	0
Vladislav Namestnikov	WPG	-180	A	g	0.5	0.17	0.26 - 0.0	0.29 - 0.0	8%	0,0,0,0,0,0,0,0,2,0	0%	'+400	0
Wade Allison	PHI	-170	H	g	0.5	0.16	0.23 - 0.11	0.13 - 0.19	16%	0,0,0,0,0,0,0,0,0,0	0%	'+310	0
Warren Foegele	EDM	-120	A	g	0.5	0.22	0.24 - 0.13	0.29 - 0.14	19%	0,1,0,0,0,1,0,0,0,0	11%	'+370	0
William Karlsson	VGK	'+100	H	sog	1.5	1.97	1.96 - 1.84	1.92 - 2.03	64%	2,3,1,0,3,0,4,2,4,3	55%	-185	'+150
William Karlsson	VGK	'+100	H	pts	0.5	0.66	0.85 - 0.35	0.72 - 0.59	52%	1,0,2,0,1,0,2,1,1,0	38%	-105	-125
William Karlsson	VGK	'+100	H	ast	0.5	0.48	0.63 - 0.24	0.53 - 0.43	41%	1,0,2,0,1,0,1,1,0,0	29%	'+170	-210
William Karlsson	VGK	'+100	H	g	0.5	0.18	0.22 - 0.1	0.19 - 0.16	18%	0,0,0,0,0,0,1,0,1,0	17%	'+285	0
Wyatt Johnston	DAL	-280	A	sog	2.5	1.99	1.81 - 2.08	1.86 - 2.11	30%	1,3,5,2,5,2,2,0,3,3	0%	'+135	-165
Wyatt Johnston	DAL	-280	A	pts	0.5	0.49	0.61 - 0.34	0.58 - 0.41	44%	0,0,1,1,1,1,2,0,1,0	0%	-105	-125
Wyatt Johnston	DAL	-280	A	ast	0.5	0.21	0.28 - 0.13	0.22 - 0.19	19%	0,0,0,0,0,0,1,0,0,0	0%	'+215	-270
Wyatt Johnston	DAL	-280	A	g	0.5	0.29	0.33 - 0.21	0.36 - 0.22	29%	0,0,1,1,1,1,1,0,1,0	0%	'+275	0
Yakov Trenin	NSH	'+250	A	g	0.5	0.15	0.2 - 0.09	0.17 - 0.12	15%	0,0,0,0,0,0,0,0,1,0	22%	'+650	0
Zach Bogosian	TB	'+120	A	g	0.5	0.02	0.03 - 0.0	0.0 - 0.05	2%	0,0,0,0,0,0,0,0,0,0	4%	'+1600	0
Zach Hyman	EDM	-120	A	sog	2.5	3.56	3.45 - 3.56	3.67 - 3.46	65%	4,2,3,4,1,3,0,2,4,1	60%	-175	'+140
Zach Hyman	EDM	-120	A	pts	0.5	1.08	1.44 - 0.64	1.06 - 1.11	69%	1,1,1,0,2,0,0,0,1,0	58%	-195	'+160
Zach Hyman	EDM	-120	A	ast	0.5	0.63	0.83 - 0.37	0.58 - 0.69	48%	0,0,1,0,1,0,0,0,1,0	33%	'+120	-150
Zach Hyman	EDM	-120	A	g	0.5	0.45	0.61 - 0.27	0.47 - 0.43	37%	1,1,0,0,1,0,0,0,0,0	34%	'+160	0
Zach Sanford	NSH	'+250	A	g	0.5	0.09	0.18 - 0.0	0.0 - 0.2	9%	0,0,0,0,0,0,0,0,1,0	8%	'+600	0
Zach Whitecloud	VGK	'+100	H	g	0.5	0.08	0.08 - 0.06	0.04 - 0.12	8%	0,0,0,1,1,0,0,0,0,0	9%	'+1100	0
Zack Macewen	LA	'+115	A	g	0.5	0.04	0.11 - 0.0	0.09 - 0.0	4%	0,0,0,0,0,0,0,0,0,0	4%	'+600	0